y,x0,x1,x2,x3,x4,x5,x6,x7,x8,x9,x10
0.0,0.24477432668209076,-0.5001869599024454,0.6353491147359213,0.1143350601196289,0.32096755007902783,0.07899599149823189,0.886537512143453,0.6497552990913391,-1.207388997077942,-0.7196905016899109
1.0,0.5234975131849448,-0.30401138133472866,0.801279322968589,0.2716612921406825,0.2936950901316272,0.03285813797265291,0.802697996298472,0.732225313782692,-0.9218310846222771,-0.672444611787796
2.0,0.6033873430320195,-0.22871655438627517,0.7871912206922259,0.35908408888748716,0.2790955273168428,0.012105493008026056,0.7597193675381797,0.740382215806416,-0.8835514570985522,-0.574412635394505
2.0,0.47774424486969774,-0.26303743640262933,0.8477307344610626,0.25269133345903577,0.287401859686282,-0.012600574717932456,0.9311124034024574,0.8592570083769592,-1.1051056514922026,-0.6534826365878453
0.0,-0.26064537843490987,-0.3240751359812243,1.168765856160058,-0.20099581738382025,0.4275253481507577,0.04281572417649268,1.1926508573470291,0.4255896571902903,-1.7022556604265615,-0.8882379063784525
0.0,0.3589513677324416,-0.3231878043247425,0.8912897584389667,0.2577220177734081,0.3557032991001116,0.00023083132409552415,1.186111037068221,1.023123491935584,-1.2048519293264466,-0.6321353373326817
1.0,0.39294990731357804,-0.3955543341637566,0.8988692656886287,0.134035047052837,0.3633702780438087,0.03505023973198926,1.0707055610127565,0.860574075906742,-1.3580445007580082,-0.8155103096874748
2.0,0.3657698216453447,-0.431023254822203,0.8799544800136049,0.1338177032053134,0.35653112650589786,0.050198050507865216,1.0640606735385745,0.8010541307976691,-1.3646360664381145,-0.8023005522745478
0.0,0.6181682774360165,-0.2917676933431699,0.8916347216308853,0.3932853110226584,0.31799976766198573,-0.028824267562199957,1.1181087657625293,1.142342471966037,-1.1437717906118912,-0.6527756699073461
1.0,0.03240986793701138,-0.46115637430921197,0.8913989971790995,-0.1524288770410099,0.3814056473118918,0.07071397619022589,1.1114884167909622,0.6375268566023026,-1.5310975329152174,-0.7800611999950239
0.0,0.3739959760393315,-0.3138438637350809,0.8926352692662545,0.19116230101438836,0.32402881902624975,-0.018989885529011208,1.1096997192164637,0.9054745664855219,-1.2313163894105632,-0.6872681598618345
1.0,0.2316105873386065,-0.513803930307428,0.8543571785092354,-0.014189937443782885,0.38954729549586775,0.07579013895864288,1.0872112673521042,0.7391121288140615,-1.472507306734721,-0.8451053060094516
2.0,0.6340748701317638,-0.2840539521135974,0.8828085576932804,0.3717018812164372,0.2895776121922787,-0.02610671529663366,0.9807806874753213,0.978413465779786,-1.1164270377188337,-0.6479522500406293
2.0,0.9220036024949989,-0.22015787904359857,0.8401898123628023,0.5451330140290059,0.21939020333051376,-0.05569505619778469,0.8371233202669085,1.0640056696245257,-0.8896556840259202,-0.604563620853789
0.0,0.051024533039348764,-0.4542368806378786,0.8485419861105985,0.07706002709130909,0.4107275099688491,0.07194967641018678,1.2783895989143572,0.8704460344688837,-1.399630589194076,-0.6990407798006091
0.0,-0.26509513381141714,-0.38731213322863345,0.9914505808818631,-0.517034064342336,0.3658298077743228,-0.02633232028200859,1.2002111586128794,0.6807533844215113,-1.7693723563740893,-0.7757948229952556
1.0,0.7895478609089668,-0.2753544377449613,0.8639581803327951,0.4285483297724754,0.3008254641810289,-0.034223349302266844,0.9322771838842294,1.0570387072288072,-0.9944036159759913,-0.6373817508037274
0.0,0.3316347391034166,-0.3201192037382147,0.8948403845230738,0.12374607917215479,0.30835390130155965,0.0027776665642465417,1.0474526474350376,0.7669448519223615,-1.243665941974573,-0.692402825543755
0.0,0.5030939907684356,-0.28582343615332173,0.9236837377465223,0.2979218725916706,0.3328969237170642,-0.03904099370366923,1.0980958902760396,1.0388380340005778,-1.1969605444730083,-0.6755786808797076
0.0,0.23242453100687976,-0.42072002050369534,0.9397397148075388,-0.015430443221703172,0.39283811205080643,0.022632899560353983,1.2021382017366922,0.8865451105494997,-1.4857290989872236,-0.7644158034627118
1.0,0.05010727751586172,-0.37200423027906154,0.983098300298055,-0.09753179916491111,0.35645370134669874,0.02242934544467264,1.1505797429217233,0.5848025023523304,-1.5840135100815032,-0.8129144614769352
0.0,-0.1834708942589185,-0.35137263009100095,0.964978093109655,-0.2895578211239466,0.3982862676923157,-0.013856772032850389,1.2513057219643964,0.6913925601658246,-1.601719542069638,-0.7874019309772667
1.0,0.9655873098385495,-0.2770706689790697,0.9555893061128823,0.5572319664564487,0.3102975272120455,-0.047173123921557154,0.9936169603386441,1.1884730341466698,-1.0654232981237206,-0.7074330021199342
0.0,0.7869198794166247,-0.35659374731282395,1.0533202141523361,0.33103013162811595,0.3645383135105173,-0.043346077436581254,1.1664294227957726,1.2070208961764972,-1.3658141394456227,-0.7723327204585075
0.0,0.12198532863159574,-0.37388855951928324,0.9369441421041566,-0.04275782195468163,0.37823041113874606,0.014917002555223243,1.2085348836356593,0.6650922025944437,-1.5102354564493703,-0.8117010260541593
0.0,-0.26301865887150844,-0.29388189768757333,0.8905221623453227,-0.3506272012336095,0.3589947214773433,-0.01889599319970743,1.2285342788831755,0.6897353065962141,-1.5717384273355657,-0.7430896860632029
1.0,0.17031007260084152,-0.5959887583598946,0.8975332099379916,-0.09799444387582215,0.420166688830112,0.08686377383260564,1.177162449468266,0.7700626534042936,-1.604729158408714,-0.881359108469703
2.0,0.6257195087525536,-0.32380772584624457,0.9590998919386613,0.3427155151178962,0.30165536917762403,-0.04805482139304411,1.0895126503810548,1.0710466863554822,-1.214364482383979,-0.6800457120203135
0.0,0.10801931377500296,-0.3392386871079604,0.966474981357654,-0.13533068696657816,0.2991906323780616,-0.03107111119121934,1.0879574889938037,0.8278479153911272,-1.5174013897776604,-0.749191681543986
0.0,0.446167609744495,-0.3367879950711804,0.9748630408317812,0.18484949284503538,0.34177182422530267,-0.007748207122447991,1.0621926111559714,0.8899756016269806,-1.3168077526553985,-0.7598170402549929
1.0,0.5442556717285985,-0.4084814054229738,0.8536872169689128,0.18081046866351053,0.34869405965467815,-0.011691672751974119,1.0255068158240694,0.9422814355869042,-1.293613415407507,-0.786798329533715
0.0,-0.15699531792226848,-0.3867084576359278,0.959012588085253,-0.25755003047517583,0.3800149871171983,0.009837877610256259,1.2282552764857118,0.6536421700604732,-1.5969611457254314,-0.7902770919513099
1.0,0.0649400033423158,-0.6376110929690424,0.8210774611254208,-0.23104767708993348,0.39641163852371153,0.08500114181002633,1.1234633553712094,0.6768667077431914,-1.661798093895443,-0.8934237211942673
1.0,0.9775571767240763,-0.27261750526460155,0.8856135987277541,0.5497657805681229,0.2688951214659028,-0.06512275002231556,0.880179905465671,1.1575832579817091,-0.9996031682406153,-0.6781780304653304
2.0,0.42275271401624775,-0.27175134712301974,0.9561049875928395,0.2586055060857861,0.3290176362874199,-0.01973995483255672,1.1082205026600491,0.9022056858069194,-1.2711432453115188,-0.733002918943837
0.0,-0.11832757743133959,-0.4516763168600108,0.8379074327079704,-0.029134477966886865,0.4282919239511738,0.04710208320564219,1.2765147610496512,0.791459148373839,-1.4851725497053343,-0.7031031477478052
2.0,0.23082399228012856,-0.42951446841758345,0.8617527901574418,-0.014370654514174403,0.33078359982521954,0.03624803768355905,1.0541998652028448,0.7699429548265021,-1.4023120744544784,-0.7604143239649725
0.0,-0.019299099925069178,-0.2851051278412342,0.9211134347988634,0.0616253350614285,0.4044540238623716,-0.011284261751843959,1.328379609451002,0.9547034897366349,-1.3339402067418,-0.675791399515405
2.0,0.23574673029794996,-0.4752315431066296,0.7830058079724218,0.18836348303685002,0.43463379629686766,0.08810247283100206,1.1310459703791376,0.8300549964110057,-1.2949627584978647,-0.7234751084563779
1.0,0.4218973869457841,-0.3347384780179709,0.7848893761634826,0.19492373056709766,0.32503165006637574,0.05390275891404599,0.9706603407859802,0.7849282778799533,-1.1287437029182912,-0.6429433032870293
0.0,0.2946658301396831,-0.4540240123536285,0.8961112012908067,0.108813711926054,0.35102225846430757,0.04741187506333019,1.1767587825043562,0.8746542931113341,-1.4316583715685427,-0.8226770668813627
1.0,0.6814488208521221,-0.3722270306168219,0.8822593430088739,0.2628192412272348,0.3261774225097339,-0.015143069951652975,0.9838272459426168,0.9927975545495243,-1.2073793666342558,-0.7278573622895499
2.0,0.3888072901333754,-0.3780225212184282,0.8686067358805583,0.255265666028628,0.3825883222027467,0.04142443083871442,1.136474080154529,0.9553053436370996,-1.2322469055652618,-0.6659307308495045
1.0,0.24990310283823752,-0.40830009409659346,0.9205742942195543,0.07403003907119723,0.35565126185554646,0.05430173469891011,1.0829645513858595,0.7213155232684713,-1.43422028359393,-0.8356557343627365
2.0,1.0576226452122564,-0.21233862537242795,0.9079362036579329,0.6325451438922597,0.2416368319005098,-0.08475543215931595,0.8948994222218576,1.199640192091465,-0.924566687449165,-0.6271425040195817
1.0,0.6851778888219112,-0.27429202735121994,0.8674490981408067,0.36135032048096527,0.29432521516306176,-0.02042155821077727,0.9389211446852297,0.997185585063857,-1.062283004055152,-0.6432017822926109
2.0,0.6293152028606052,-0.3174311017528886,0.8900337102157729,0.3088547677156471,0.32299385183002977,-0.016524283312970685,1.0094271177337284,0.9786083756458192,-1.1902838644527254,-0.7187230679250899
1.0,0.632732763278241,-0.340508623157951,0.8909829299972982,0.278573785053224,0.3052913194465242,-0.0015688845507648526,0.9654489112067588,0.9486934868048649,-1.2052191800000716,-0.7429671337904067
2.0,0.5371701701147722,-0.3649902495435706,0.8208328090091743,0.27066983711343295,0.2846816470938744,0.025393227972827927,0.9889615437772015,0.9065940881719684,-1.1592933684587479,-0.696372651817775
0.0,0.27424607452121563,-0.3534366898238659,0.9631600035354495,0.10302392137236893,0.3336060217116028,-0.018610497063491493,1.1513799224048853,0.8870454235002398,-1.4227758701890707,-0.7210211474448442
2.0,0.6034968916413396,-0.3299164972809512,0.880985482141029,0.29774342399350434,0.3198981015228255,0.005563552642977515,0.9943195020043573,0.9357899157113807,-1.1898583866829096,-0.7403390431819961
0.0,0.03727567860355171,-0.31851992870752627,0.9937756054389936,-0.18113266245927662,0.3790369520160871,-0.0462455297260581,1.2920610311512764,0.8993309134474168,-1.557937713769766,-0.7802303023636341
0.0,0.32688619695707327,-0.2968383553541369,0.9346995262636079,0.09754964482918796,0.31033345583515864,-0.033192719927885465,1.0370251544647746,0.8126699249777529,-1.2896466131011646,-0.6873859227117565
2.0,0.36198392028064397,-0.3686135325343967,0.9357049511691738,0.08153391861514259,0.3177672684689946,0.010433092413906202,1.0521661948434191,0.8812118599869613,-1.396063830294361,-0.7334261432376211
0.0,-0.18018526547691888,-0.3274699302183257,1.0458240151405334,-0.3473551886777083,0.42819997982846364,-0.0018725368815163772,1.2888250437047746,0.659043369980322,-1.6769659029112922,-0.8170215017265744
0.0,0.06581241651526037,-0.34717323040624837,0.9973376668849081,-0.14899027134502693,0.3844448345414591,-0.034940019190610155,1.2248244285583496,0.8375830054283142,-1.5763872077442564,-0.7536808215784576
0.0,0.38426076054040875,-0.2818257378148181,0.9588834499674184,0.24901780220014708,0.29546425248762326,-0.00584249936676185,1.1643427305987903,0.8885308314646994,-1.3743354165128299,-0.7644221330593739
2.0,0.7087804853048829,-0.2925021455957348,0.859329221699074,0.3874768526675464,0.26344423304589193,-0.03054216053187563,0.9096552034598271,0.9587843649032461,-1.0797586768638088,-0.6915762100283426
2.0,0.9289659854674012,-0.2555335977225812,0.8420552469858336,0.5115494042241929,0.24275270388931583,-0.05895278858738618,0.8599437477938626,1.0950708202675943,-0.9496864267718901,-0.6256002327170941
1.0,0.35123975391222817,-0.4048482289764325,0.9015998892687462,0.06270176564922204,0.3785773930989357,0.020795264032770048,1.129303406319908,0.8833241456666509,-1.3823404567869935,-0.809392192375821
1.0,0.6289861309031646,-0.4055637816588084,0.8645607580741247,0.25104833096265794,0.3494751510520776,-0.00924632145712773,1.0042021070917448,0.968901996811231,-1.2826327820618948,-0.7614108304182688
0.0,0.08621953492267774,-0.3378739721768607,0.9336800721975473,-0.08037043483211444,0.39466973571823194,-0.01624847943536364,1.237364409520076,0.905534876539157,-1.4138955189631535,-0.7054885658507164
0.0,0.4091142123525447,-0.32419866287803395,0.9587369909945954,0.11488910716898898,0.3256945162912474,-0.03159652654319368,1.0587108629815123,0.9526215775849971,-1.3560369243013097,-0.6953242061303017
1.0,0.0659079791291764,-0.5181868004171472,0.9117285264165778,-0.1519874391783225,0.4198951143183206,0.05290765532929646,1.209865096995705,0.7552734225988388,-1.6143976230370372,-0.8814784065673226
0.0,-0.28861415794651424,-0.3713432416053755,0.9802062580628055,-0.22296434678137303,0.43854057974448163,0.003973721308700208,1.3329561557088578,0.7156413891485759,-1.6015506810375622,-0.7830574944615364
1.0,0.4243270662996699,-0.4059669343645082,0.8129446289995137,0.18014234165962348,0.3532219507128877,0.05976523412665462,1.0320618771454868,0.862177014438545,-1.2161476261475508,-0.7319115015075487
1.0,0.35215674348029435,-0.41855085341661585,0.8522524030185213,0.044558926088297195,0.3710894294302253,0.04884300430250518,1.0512412304387373,0.8352754641981686,-1.3498353198462842,-0.8024755587764815
0.0,0.46986208616622854,-0.3235672849173449,0.9445294179782575,0.24111724546065136,0.33637272060031487,-0.021710060154353932,1.1275313180320117,0.9886158379364987,-1.3046876100861295,-0.7107035009836664
2.0,0.7409186468116546,-0.29282736973101764,0.8327712512722141,0.39185331171182425,0.2741382095325542,-0.019715114574577648,0.9042421549950775,1.01173085719347,-1.061645207828597,-0.6675411568660485
0.0,0.31210795852438183,-0.3046928996903987,0.9327328774747969,0.20239150772885053,0.3219180357925405,-0.033648523637624106,1.1608381799504728,0.971273568800733,-1.2798840993944602,-0.6954603263094455
0.0,0.4264377057948645,-0.38008267806466434,0.8891134897233747,0.226970307601629,0.3440582845781117,-0.0017894982906877467,1.1082813885617764,0.9945615958026115,-1.2508237830079194,-0.6918904722159636
0.0,0.08787154992235692,-0.2938912157115974,0.9157703145751803,0.04624509280107505,0.40204338383252225,0.00048459418792658903,1.3219840714311974,0.9865013267111591,-1.3429129264486117,-0.7179741120244575
2.0,0.6528325405292559,-0.3114939479293018,0.9359322912645656,0.3674713618165215,0.3067316290065153,-0.03891888410302067,0.9974102538745135,0.9824144848135133,-1.1599623353177348,-0.7289142916040705
0.0,-0.005897153181502143,-0.316293092041805,0.9797386898583657,-0.16782958322280161,0.3669330165029277,-0.04597655518100018,1.2387231672937806,0.8207154594160415,-1.5509992753331725,-0.774966873631284
1.0,-0.32923149162450355,-0.6414557924645172,0.7996835991337493,-0.26668443274054976,0.5258579584593709,0.15596603380667196,1.334195029816112,0.6109098046615317,-1.694468521830198,-0.8156730859666257
1.0,-0.2485830412884609,-0.7090358338789658,0.7437060728585452,-0.16063176478740623,0.550398445928867,0.20587168162259575,1.339073502385382,0.6847012967206119,-1.6574178076024806,-0.8073755817466908
0.0,-0.07629756117705255,-0.3816696384735405,0.9273423174023628,-0.04265096489340067,0.37419332094024865,0.05493468459346332,1.19253158852458,0.62712482502684,-1.474339581131935,-0.7531075189262628
0.0,0.4084799242290584,-0.3045142099261284,0.9713472718542272,0.18061308779499746,0.3191954305226153,-0.045519316281107336,1.1512311079285362,0.9484712113033641,-1.3419071533463218,-0.7365093464201147
2.0,0.7365571901762998,-0.26022038204214903,0.8295995431241169,0.4182362066161248,0.24213784175013664,-0.03846718269770825,0.8758414022384151,0.9547289287050565,-0.995654974573402,-0.6385236058824806
1.0,0.5992234572768211,-0.33108543715129296,0.8957114239533742,0.22895354800547163,0.3402049907917778,-0.00866996191131572,1.030651305516561,0.9979651505748431,-1.189451908816894,-0.7360931734244028
0.0,0.6652271438441757,-0.2976248033551706,0.9365736395120621,0.4071192021171252,0.3017934036001356,-0.019935330217574827,1.0165663498143356,1.0792979523539543,-1.1347771605683699,-0.6632691038151582
1.0,0.8101369254291058,-0.3209411521227314,0.8978392109274864,0.392265025839711,0.2911376301199198,-0.04423312549121105,0.9631328485333003,1.0795068907049985,-1.1655091270804405,-0.7249342509760306
0.0,0.05052290302444631,-0.4316793138850627,0.8978600582973225,-0.03402732669075174,0.3884588246285094,0.052122793695706084,1.245737384388766,0.8300959225010685,-1.4708381992156112,-0.7227735173279844
2.0,0.7409010632264037,-0.3134298749989079,0.7960483326065925,0.392942619780379,0.23649113925714646,-0.04598607669674581,0.8612431186822153,0.9603281396050607,-1.0163973632358736,-0.6453755449864172
2.0,0.13304244798862122,-0.46570426682327787,0.7803083003752611,0.17507815482200717,0.4504084320400249,0.0957072045761048,1.2000704306093128,0.8483368773436681,-1.3072215043516322,-0.6835216476835988
0.0,0.26798641384947436,-0.3410565578053857,0.9652469430205434,0.05783910330298335,0.31266314620192726,-0.02690703053633834,1.1498650728270066,0.9028130918308053,-1.3968634731894316,-0.7114594991990301
1.0,0.4899969039649903,-0.3958552828223645,0.8226438183573228,0.15278373551672866,0.3388589350712969,0.020657822330588403,0.9926910226858114,0.8860883950432644,-1.2404066984412037,-0.7646070559379421
1.0,0.7084372236526438,-0.2468927761406771,0.8209682841386113,0.38088294374756515,0.25266619212925434,-0.04074825960144933,0.8713966123759747,0.9797171588454928,-0.9855572134256363,-0.6327142960258892
2.0,0.5088069584812517,-0.3452507800936142,0.9444536444182708,0.22876993205428786,0.3343048130693001,0.00048708008323735167,1.110025370510939,0.9645283018874231,-1.269436640856422,-0.7322523408682546
0.0,-0.05447062678624291,-0.35938685242259916,1.0528701014470223,-0.08144047306200793,0.3842227302551226,0.05321879076655023,1.2768875447123549,0.5379765283771206,-1.6655298585808553,-0.8550613002721653
1.0,0.2660506975908692,-0.4777264539958336,0.8542458771799619,-0.03633710216784563,0.35525367901517224,0.04068189762004364,1.042454201584825,0.736439757908766,-1.4461352558663259,-0.7953046564585887
0.0,0.30864771410717434,-0.2683609837055523,0.9576262249699179,0.1169634612676916,0.3410184936211357,-0.031148796020304115,1.140400746802114,0.9501004666090012,-1.3008089626453958,-0.7151187734924397
1.0,-0.045262282889714275,-0.44692244218743366,1.0069323143233424,-0.14008330048066406,0.40926574051587117,0.08119959866286115,1.131272233194775,0.5239707392410956,-1.6379991844656387,-0.891521892685821
0.0,0.06505514421899404,-0.370689677565159,0.8841108144926173,-0.037592407049877305,0.3720798611507884,-0.0015078949924957538,1.2218073669022746,0.8230590229587895,-1.4206938945821352,-0.7226614338744964
0.0,-0.029939808146913112,-0.34636675009940876,1.0419058264405638,-0.20017233256388595,0.37725001991508,-0.03536927767161188,1.2130316806796155,0.7841835099237936,-1.635248159184868,-0.8007073065748921
0.0,0.7602212332934141,-0.2574899169057608,0.8952019782364369,0.4130585211515427,0.2706289506331086,-0.06393047001212836,0.95734558314085,1.0719964903593064,-1.051938234269619,-0.6313392938673497
2.0,0.6521862177726101,-0.35255958131131004,0.8749639530392254,0.3299111858010292,0.307056463553625,0.0024405928766902756,0.9968733743709677,1.0124539631254532,-1.1846224672654095,-0.7076305198318819
2.0,0.6021171694220457,-0.3373844175366685,0.875191282067034,0.32970567910362863,0.31910781107661834,-0.018084564355376642,1.0265670662435393,1.0006567524849541,-1.1620388092059228,-0.7016844019397266
1.0,0.3366233263954972,-0.4276623933980561,0.8383206921544942,0.04590042830077988,0.33811950270613333,0.04063075467605482,1.0421622832014104,0.8036137144974987,-1.3461717376203248,-0.8037401772659234
0.0,0.12349063497842164,-0.3086817969152754,0.9187780310576027,-0.010694806514358198,0.33579265255783053,-0.021900302286863932,1.1061638407409191,0.7975527931608863,-1.3521747017228924,-0.7012532747073753
1.0,0.35569515760494946,-0.40473959132590714,0.8774262304691708,0.09786045367226881,0.35411778957966494,0.030552196234245512,1.0622544406529735,0.8292589284370051,-1.3460020336596406,-0.7752699716783622
2.0,0.39957130030130167,-0.3689380364625582,0.8551420755684376,0.13777265441603959,0.24191373501006247,-0.07613140515085044,1.0311063823423214,0.8564510749919074,-1.302774768056614,-0.7119886018335819
0.0,0.7360541885970412,-0.27622180975772237,0.8776474806505281,0.43747275116274487,0.26169974950922503,-0.024750088319509617,0.9749868562495386,1.043781480877786,-1.0869981171311558,-0.6476291548964139
1.0,0.3533766072426663,-0.5072153108041795,0.8194411670575377,0.04115123243727645,0.3641883222172495,0.06341458987597315,1.0476475737256106,0.8163993588236512,-1.4040492843897616,-0.7871818139416272
1.0,0.12727244323110345,-0.5587944187994661,0.8339672599520002,-0.1005168865375184,0.39630229262809447,0.08317811363904273,1.1357316801994306,0.7285547147096672,-1.5284685758240704,-0.8797111688869927
2.0,0.1350793108726159,-0.3575451359248314,0.917628251780302,0.055806685048036084,0.3543922638054937,0.007960172293958468,1.1781963841655316,0.8255404289334248,-1.3777364893601491,-0.6970429699390362
1.0,0.555613456892648,-0.3048433750934367,0.9516182669571468,0.3157749285123178,0.33674096894018085,-0.011554470716094199,1.0224550366401672,0.9511226468852588,-1.198542081351791,-0.740603085075106
0.0,0.36904949143242377,-0.31844611890996116,0.8770887316801609,0.14177611666039014,0.3119553718357705,0.01797831011040566,0.9935181061617839,0.853230164028131,-1.2403100621528351,-0.6557996370949042
2.0,0.0976276566544848,-0.42480770798940815,0.9786288559196457,-0.08948116745018671,0.38629423896031034,0.030599211158621454,1.233618032667906,0.8095479874360946,-1.568102142022502,-0.7911634529309888
0.0,0.017581547441130333,-0.3621536697980694,0.9893524895676158,-0.23847044368846004,0.36502953425092116,-0.02392550582193177,1.1510773836211725,0.7680626877329566,-1.5687674537978389,-0.7379462542858991
2.0,0.8740219291713502,-0.26244821676629637,0.9004738841738019,0.4843294012936808,0.25363879939097733,-0.0689101469525624,0.9016340826711957,1.0852807176018517,-1.0490103536655033,-0.695053284603452
0.0,-0.06589144779635327,-0.29811055726770846,0.9252969438476222,-0.24472398552378374,0.36418070045432877,-0.04537147422587233,1.1922462520854813,0.7346491528408868,-1.5005608790687153,-0.7580369406512806
0.0,0.21858126234155204,-0.33781012007291766,0.8946847457816636,0.19817598838953004,0.36577708770831424,0.05444558426413847,1.232501973276553,0.8073482530704443,-1.4030560423498568,-0.7233598931975986
1.0,0.45790852810207167,-0.4149414080538248,0.881986713487851,0.10837640236867102,0.34269418140971347,0.019289669526838943,1.0425687937360062,0.8670192134223487,-1.3426769222083845,-0.830423441999837
0.0,-0.19884599796419994,-0.3645708435463154,0.9533671868629143,-0.25935765074901895,0.4007158582022444,0.027238170679307498,1.2740892429576545,0.7108256582353936,-1.5841762655582585,-0.7497235819330959
1.0,0.11999266895211556,-0.5858984752664004,0.7182671332901175,0.1895692597397349,0.5040194675252265,0.1474114978363187,1.2359339674003422,0.8346205130642788,-1.3369529756971381,-0.7350506087003107
2.0,0.9417523761900762,-0.2687739661907674,0.9444192080861993,0.5434059606842412,0.2601158876980965,-0.04856181569306904,0.9335524961352348,1.1513718319539394,-1.053343957497014,-0.6893395406918393
2.0,0.8484843628937189,-0.30171052588872155,0.930890962785604,0.4426745428182232,0.28693936330893516,-0.025228454843068456,0.960391601129454,1.0827014210957044,-1.1122416090600344,-0.7130357267297044
0.0,0.0033636461554860777,-0.4859551318744026,0.7925255040815271,0.10986726351676543,0.4888127776194204,0.11839588368711479,1.2879466449190502,0.8530757324141593,-1.3864738791266833,-0.6641070670876766
1.0,0.8290191744217428,-0.27172409623103627,0.9205458287970495,0.43206257875850895,0.276423333054882,-0.06322137442401658,0.9671514443421768,1.1136245399208393,-1.0705327563366647,-0.6866377614817377
0.0,0.9187735225609008,-0.2724924834960319,0.9738605491658474,0.5011658746194332,0.2793895228805536,-0.054694484163848485,0.9908845852664177,1.1966673088200548,-1.1312399573148566,-0.6943207295968178
0.0,-0.05485295593028977,-0.3124025487119243,0.9143968702308716,-0.2481581343426591,0.3500331586941944,-0.05786892346712568,1.203925853683835,0.7641600261604975,-1.5045377839179266,-0.745887120801305
2.0,0.25753220296618373,-0.5433393323814476,0.816604013135145,0.1670744373657546,0.4332307257208523,0.11088743428750844,1.2360047652171209,0.9261093169123262,-1.3824265227540509,-0.7561288367097194
0.0,-0.262555027602587,-0.28807994493738165,1.274899945875933,-0.1802434099101743,0.4403681222262771,0.02745116545770014,1.176398061562416,0.388602600909423,-1.7547933949634087,-0.9470184008742488
2.0,0.6870127806409461,-0.3171278246846355,0.9045615215770534,0.32227860281213383,0.2736092211037386,-0.044094506437416935,0.9628186465286818,1.009592741727829,-1.1745973038868827,-0.7090964483433082
0.0,0.5774091678257618,-0.28231865873008416,0.9350922378125014,0.2867497080868041,0.29465746843359536,-0.06543798419146764,1.0626330386709284,1.0526504403463117,-1.221313002484816,-0.6994404072562853
2.0,0.8062324718339369,-0.27989543581497855,0.8948260038159788,0.4925655109109357,0.28819393599405885,-0.022569187574845273,0.9440732158254832,1.042375971795991,-1.0852345761377364,-0.7023220062255859
0.0,0.11396047157736924,-0.2792550864127966,0.8165239387979875,-0.012824249382202443,0.3085484170856384,-0.022898135957523033,1.046248842890446,0.7590573768203075,-1.2437823242866075,-0.6388528375671461
2.0,0.10812086763157361,-0.40999580643045297,0.9479170321770336,-0.0015750386468742204,0.3863027195878111,-0.007091269875620154,1.1480634154185005,0.7470162262519201,-1.504788725434438,-0.7806329590038977
2.0,0.31023965625843003,-0.4515474200693529,0.8515213598955923,0.10836383233319467,0.37835065931526585,0.058158949212129434,1.0998668125761089,0.8223592881391297,-1.37954346413043,-0.7643059770117945
0.0,0.0960666506730935,-0.34608584645678075,0.99573361220067,-0.10008219524956587,0.3184665604657902,-0.04348504119920299,1.1551461219787598,0.8221937172245561,-1.5461057910793705,-0.7559199380247217
0.0,0.3981038200087909,-0.32455050927968937,0.8719607941869997,0.20097908698436287,0.3089856856908554,0.008752605255939959,1.0202324686524196,0.8768344764780794,-1.2213568496398437,-0.6586333266817607
0.0,-0.4728388928753488,-0.3910675419896257,0.9994474427372801,-0.65994515065469,0.4231901741495319,-0.007101383754143528,1.3150630534863939,0.6260457021348617,-1.8557957913361343,-0.8003665711365494
1.0,0.8370025882807871,-0.2623493732955669,0.872465919289324,0.47092900863693404,0.2776954023865983,-0.014656013733151162,0.9258567924714751,1.1083166059106588,-1.029104591657718,-0.6466949575891098
2.0,0.5964144298223534,-0.3460510318365061,0.9131886814579819,0.2832965775571688,0.3070000431904889,0.012516131340008643,0.9833608280227641,0.9328262869155768,-1.2455845451114154,-0.7590613621051865
2.0,0.4620511067093264,-0.35974135989627093,0.91243118512715,0.21059941040708663,0.3175213596393876,0.001329788320585557,1.0698725770339899,0.9320819262705796,-1.2802275252257678,-0.7056915413403342
1.0,0.34387255760587077,-0.4837174470409412,0.805005575784228,0.04866135610460664,0.3496951411414722,0.06067718107740141,1.019481984051791,0.7938197680156339,-1.3445819179442795,-0.8012373376299035
0.0,0.09137870193318984,-0.3859046423494552,0.9824513386836095,-0.03279549958167878,0.37245356748127834,0.0228323037571282,1.2282896326706472,0.8468821716651452,-1.5103746383591037,-0.7337250435906174
0.0,0.5665496834898712,-0.2842173990965993,0.9643229086090017,0.2795337979440336,0.28420012587405463,-0.0782803500554076,1.1030809410192348,1.0583106141399454,-1.3129619034352127,-0.7185028948717647
0.0,0.12246311925075672,-0.3206691413565918,1.0143964538971584,-0.07601767861180836,0.3918533639775382,-0.043025905162923865,1.2550421279889565,0.9053670951613674,-1.5122828638112102,-0.7907002954571335
1.0,0.2522863033693284,-0.5035248440255722,0.8309707055489223,-0.03643282962342103,0.3682634779562553,0.06061811108142137,1.048727326989174,0.7364578984181086,-1.4382924556732177,-0.815074183344841
1.0,-0.17232430675714616,-0.7531404915629634,0.7778542395064373,-0.3812611158320446,0.4609915187816746,0.19387499124292804,1.1544217074548961,0.5482776820264905,-1.7954993573640357,-0.9179569397442389
2.0,0.6616791869479197,-0.2906837383630099,0.8541194053711715,0.39955519838948494,0.28427111100819374,-0.0038760054753058486,0.9522514662256947,0.9623407357268863,-1.035999392690482,-0.6560306448627401
0.0,-0.1803279412240627,-0.4037530826341905,0.9147162708673584,-0.13313921494932657,0.4345745858684015,0.0376883172534741,1.3615895834531677,0.8048542466726196,-1.4910972101634807,-0.732445383674643
0.0,0.6450550711235484,-0.20171513947079311,0.7744024482530516,0.39824433794962494,0.2710994143743773,-0.02334908168209163,0.7929083598223893,0.8684014734384176,-0.9002617425411135,-0.5784704175752562
1.0,0.30442867318266315,-0.45354437041831647,0.7859509756690577,0.09949464145067491,0.39977531258605026,0.050718436153654595,1.1163154704790366,0.8897192438966349,-1.3072316288948058,-0.7621228997644626
0.0,-0.18551380769179684,-0.33223417348289574,0.9313160435561716,-0.26890402594683216,0.37062739597184813,-0.01555511875105274,1.193352940743857,0.6088012554784761,-1.5468055692902447,-0.7766700968907697
1.0,0.34441801047559534,-0.40796061121764476,0.81237780779935,0.13868229322951664,0.34763699129035464,0.0484359710702275,1.0353108776754207,0.8315541154464309,-1.2547511257482378,-0.7099910093408622
2.0,0.2465833899549256,-0.29029225640125195,0.949048002476746,0.09133012022423205,0.32736536841786934,-0.03393528447091832,1.092902324209779,0.8386347154471077,-1.3436966703857405,-0.7329455339007795
0.0,0.11622491280070028,-0.3586107517282168,0.8799374624415561,0.05612960769920736,0.3481976696927738,0.0022778527293069004,1.1221873958905537,0.7302115288403657,-1.3162065679962571,-0.6611974552139506
2.0,0.7727931349581441,-0.24133400113895437,0.9259164838601421,0.44006643904410053,0.27326695012107544,-0.0465247572109794,0.9569557640726203,1.045554115726853,-1.0678699604722837,-0.6839947161196873
0.0,0.509629349491777,-0.389223751631823,0.8537242552067371,0.39015171126006765,0.3856026639646672,0.03252639592268524,1.1994005695302437,1.1076344508439937,-1.1528451794639547,-0.6292031004707864
0.0,0.2876711969840385,-0.4541680326140454,0.8964411445519551,0.10369926932993262,0.3510963071995339,0.04732037761144112,1.1773832428212068,0.870437336464723,-1.4336994633990892,-0.8215905184648475
0.0,-0.06181866887657504,-0.3606792547673519,0.9482724232865232,-0.001063863027541499,0.3979378110047297,0.0650263589549078,1.1713325222954154,0.6263181428491537,-1.4655322868909155,-0.7168849640126739
1.0,0.14944012229394468,-0.4838142844368212,0.8710664443162658,-0.12175097892650906,0.36709742462667433,0.05860749239055729,1.0489669185802803,0.6591700513540588,-1.4850896974528058,-0.8067325037551223
0.0,0.08138282228834354,-0.3404762912255067,0.9121837437152862,0.06916349553144895,0.34078915239526675,0.007184295528210126,1.1590829840073218,0.8402583521146041,-1.3589510367466853,-0.6870360897137568
2.0,0.5512536225980649,-0.3760243424725148,0.8539815227030426,0.25215762319019497,0.30168943750041144,0.010364033370288165,0.9728141137829391,0.8729503472806305,-1.2256458455356218,-0.7401423440665327
2.0,0.80910252773991,-0.2608522002871793,0.9113646601255123,0.4649208132553702,0.2711471035646705,-0.03418103917860068,0.9302791652771143,1.0766539779993205,-1.0610925720288202,-0.6824349601681415
0.0,-0.16019066746974753,-0.3248715743335874,1.021097973335621,-0.11102726795645647,0.4175144082238508,0.02031143662942097,1.3382276462954144,0.7648966142604517,-1.5797037482261658,-0.7814851094817006
2.0,0.4602322961452981,-0.27044234634704994,0.8499888838596747,0.2854104962357333,0.316942178709826,-0.006256899481613031,0.9783949984211318,0.9046879845186019,-1.0946966191412697,-0.6150019924405595
2.0,0.5070168609326741,-0.28643086510446836,0.8813312171765093,0.24431358516778587,0.3086379735537295,-0.03586846212241447,1.0292034823939484,0.8977565641673106,-1.1918257784168675,-0.6903295744702501
1.0,0.36099479623652736,-0.45149128424838697,0.8489420330473061,0.07611382775839642,0.3497727300032395,0.046357981439133916,1.032787660201048,0.7828209648101494,-1.3602862006117558,-0.8436559407875456
2.0,0.10387822146725467,-0.3356050768148477,0.9712841125337157,-0.04277646063467649,0.3947643537924984,0.004883613430080921,1.2054192636191376,0.796671237796545,-1.4853904097099004,-0.7895830376880375
1.0,0.3176741862169853,-0.45417497647789923,0.7824075878029917,0.04905945294332213,0.33219411512609665,0.05558056582515014,0.9936031733707684,0.7634669711313596,-1.2886641080059655,-0.7467178297115535
1.0,-0.13787484857519822,-0.597714153032902,0.7042135110467064,-0.02256524559509541,0.5136541819000351,0.14655389805200833,1.258241904481333,0.6761337335278489,-1.4371858111449651,-0.730664433531311
1.0,0.37550679112181945,-0.39164762970279243,0.8619781020809623,0.12901899290599805,0.34652150126502795,0.022195806135149564,0.9932502108461717,0.7828023549388436,-1.2944984113468843,-0.8143203531118001
2.0,0.799059358132737,-0.31821374354351845,0.878215812678848,0.4235719606014235,0.2928634744328779,-0.013806141633540391,0.957515292934009,1.0667832717299461,-1.1010925154600824,-0.6915480385933603
1.0,0.8755972048313152,-0.24101475026549363,0.892516495251074,0.4885649030074114,0.28056478172131794,-0.03691795823823025,0.9254122696271757,1.079850674402423,-0.9848811695488487,-0.6501734571122542
0.0,-0.2895786861141383,-0.3767574922719472,1.0207904199479332,-0.5008801772508403,0.37962419392777164,-0.016795258103332048,1.235564003947755,0.6479370039953313,-1.7553119008809748,-0.7780346375116161
2.0,0.4941475628534468,-0.3062074427356625,0.917420057080141,0.257160991975447,0.3273387712926218,-0.010705025418890107,1.019162477334825,0.8984817651713767,-1.2513920046934268,-0.7564290222234842
1.0,0.17314658341505987,-0.4350060923977501,0.8463212319395759,-0.06275049539610998,0.36297017487628513,0.0369043287540659,1.1212050529535522,0.7774720187722282,-1.423606960864907,-0.7980383803051981
1.0,0.30376502175472286,-0.38399582177302555,0.8448922173365166,0.10282577147805377,0.3422186337779031,0.04289137053695556,1.0090858340263367,0.72927646495794,-1.2991978506508626,-0.7887607795235357
0.0,0.7223590840215958,-0.26123172151190893,0.9089754608178896,0.40648964260305676,0.2778498242121367,-0.05705068346172098,0.9873700357145734,1.062082446756817,-1.0918029388265005,-0.6386177737324957
1.0,0.04111326407068051,-0.5562477846128436,0.8789883576906644,-0.19655795628204942,0.40419135314340776,0.09321806002229166,1.163433167223747,0.6638400225112071,-1.6040015100286558,-0.8655132101132319
1.0,0.48581002133933804,-0.393417542611685,0.8243947183784051,0.1483491997417251,0.33929845330871267,0.020907566546686466,0.9958345399627203,0.885389764474917,-1.2424315572539462,-0.7670116468886786
0.0,-0.0654799765549027,-0.3036054492963908,0.9411294136482936,-0.27060103873149133,0.36154996847304016,-0.06858724165403356,1.2125228773802519,0.767192649296843,-1.5504613558117013,-0.7588383037453661
2.0,0.6250889420610022,-0.35319771310566245,0.8661408891548982,0.3126623494891966,0.28890749828487233,-0.00029833028030053183,0.9760531613955626,0.9634258128904007,-1.1869341938479527,-0.7162778856786521
1.0,0.43740972674318723,-0.42599934616259166,0.8925234343324389,0.10695835618036134,0.3300149954855442,0.01044031861903412,1.0014716063226972,0.8255130380392075,-1.3436920451266425,-0.7971007985728128
2.0,0.6528319343924522,-0.33140733708731,0.9087969900833236,0.3464129279471106,0.31327782819668454,-0.0031828336003753874,0.9926586675423162,0.9541443677412139,-1.183505701246085,-0.7685459322399564
0.0,-0.2203223263542797,-0.29919982402845546,0.9081922723903312,-0.08105202437261003,0.4020471542125551,0.031868853334647916,1.3097257184552717,0.7768262608631237,-1.3988420900192347,-0.7067926201197479
1.0,0.6911384415072508,-0.25954734216420317,0.8627724125981331,0.3471971910076741,0.2949013404715329,-0.0038104294635092793,0.9064251526426046,0.9335092489535992,-1.0383064404894145,-0.6389659379537289
2.0,0.5493795537788954,-0.3159393421207954,0.9148854364951452,0.29425543023362044,0.3012214639450013,-0.03157366281777199,0.9956256995598475,0.9180712511851674,-1.2142050163376898,-0.7408213058397883
1.0,0.6350952512451581,-0.426162289083004,0.90136025760855,0.2524963610938617,0.3569615308727537,0.004667135567537376,1.0702905463320869,1.03518231681415,-1.2865620613098145,-0.7988320853028978
2.0,0.5480337582710313,-0.36413903252744095,0.8333246438968472,0.2529070214709131,0.30832666485774807,0.0015627102324421087,0.9713619845669444,0.8864703752645632,-1.194244972089442,-0.7288353086971655
1.0,0.253437717498719,-0.5261155280081191,0.8492855367989376,-0.03409014392280202,0.3592778767041605,0.07379563242175627,1.0442253039486107,0.7368430565486009,-1.4690276391204746,-0.8291995745451971
0.0,-0.347314986387189,-0.42945035651955804,0.8535053138162049,-0.09872872695576032,0.47000324541807803,0.09680981020620225,1.4359317247716474,0.7946010509007414,-1.4821170413158309,-0.6958361664708231
1.0,0.9320513250658641,-0.2529446852292765,0.9408637792677492,0.5171124364777997,0.3009413025669149,-0.040619043318705784,0.9514678442800367,1.1359386476310525,-1.0061522400056995,-0.6704344773614729
2.0,0.90427163425325,-0.24960943064864047,0.9354571943933313,0.5037798097949814,0.2591341915434565,-0.059203227087643674,0.9600716854699634,1.122823664918542,-1.0529365578496999,-0.6842806686393239
0.0,-0.08088928516107527,-0.31827395211792353,0.9364807641867435,-0.023260221029914013,0.410964986753904,-0.0026210175781284997,1.3034551432638457,0.8700589081554702,-1.424270059348959,-0.7240909717299722
0.0,-0.36288943234831095,-0.37492156877285904,0.9185734161781887,-0.40314871068334296,0.42052704183798695,0.01669375327349241,1.3140141431774413,0.6905987395180596,-1.6544469535823851,-0.7166289069822857
1.0,0.3945169533137232,-0.445249850070104,0.8472091326490044,0.08252584411820862,0.36835581532213835,0.04263609780464321,1.0369699373841286,0.8182203989475966,-1.339210730418563,-0.8023667728528381
0.0,-0.2125588710685926,-0.3577140647149275,1.0148301760828684,-0.26707969149315935,0.43742029764689505,-0.011662370598291063,1.2803084008277408,0.7302460987416525,-1.6357806006830835,-0.7925313193173635
0.0,0.8566055830854636,-0.23249310727875966,0.8724157970685226,0.46460908737320167,0.25624083240444845,-0.07270396078148714,0.8799126262848194,1.0754723554620376,-0.9549412670043799,-0.6015684438439516
1.0,-0.04937681619977129,-0.5103829145517157,0.851201434073777,-0.25220458910682764,0.38951411751238096,0.09405864307378557,1.071290639368282,0.5448486574593632,-1.559514225899488,-0.8093540286538244
0.0,0.3962699893317273,-0.32778083002370484,0.9175377805840295,0.22461437405842655,0.3015445770063209,-0.03883684301344713,1.1799453339486752,0.7893487007339608,-1.3671553326102923,-0.7802910683149437
2.0,0.2585652311496875,-0.39551868833163206,0.8973893219933791,0.092647614593015,0.3225191442624611,0.016717257334248108,1.112176657073638,0.8277300259646247,-1.364910750879961,-0.7160742835086935
0.0,0.11850126716747598,-0.34550456758939996,0.8792600600786928,-0.051469771226622024,0.3026811175821525,-0.04178906931489144,1.1633201359577898,0.8197002410888672,-1.4398457458559073,-0.7310167245988576
0.0,-0.3423968246650128,-0.48882156599845206,0.9373497347036998,-0.5252668080119682,0.3814691570543107,0.02323156718519472,1.2179268076306298,0.5493286504631951,-1.8377816733859835,-0.7750469318458012
2.0,0.4703841673417224,-0.32575078285816644,0.9475669307841195,0.23338679958962733,0.3071933737231625,-0.01782692770421919,1.0317440084285205,0.8736704267561436,-1.30018050968647,-0.7907998320957025
0.0,0.30807227116920766,-0.3230024640049253,0.9384247338074068,0.11932050942310266,0.3246049497734814,0.0005238610282835979,1.0790023906008592,0.8894943020764797,-1.3264492516006743,-0.7072556621971584
0.0,-0.1756141853208343,-0.2980458900435931,0.9246110903720061,-0.2789303877701362,0.3919458832177851,-0.015461523939544955,1.2170188600818317,0.5866345398955874,-1.5651601644025908,-0.7593618738982413
1.0,0.41942151519469917,-0.4081896339352666,0.8062878184189851,0.1728699916129699,0.3505538221850822,0.06025367613024586,1.022671740502119,0.8498182314532724,-1.2163754240186377,-0.7317283132790842
0.0,-0.1327706487181614,-0.4904177320093127,0.7841266983147687,0.011383887848951531,0.4949445063189703,0.1107901478473261,1.3361400758507866,0.838289146059714,-1.4331093778212864,-0.6794882518877773
2.0,0.7071825909634469,-0.29194893259270727,0.8585318498711549,0.386937553225661,0.26271544091175986,-0.03005601436020593,0.9102663831173918,0.9556502087880637,-1.0800116544461433,-0.6910016130627566
0.0,0.29288053149905274,-0.30636610739371356,0.8429945623173433,0.15193539428360323,0.3015094409861109,-0.003956915224518846,1.0456812929581194,0.75936858671553,-1.2442344505997265,-0.6823210773222587
0.0,0.12952850432008167,-0.3306411011356183,0.973633248866959,0.020191483686424115,0.404842959838623,-0.009478098473416387,1.2442283415320246,0.8389310134913434,-1.4150048756802625,-0.7150807759131897
1.0,-0.23736642556614243,-0.6476383389090188,0.6803190389648079,-0.03164024472207529,0.5523973244708031,0.188009877782315,1.3207504523918032,0.678913945145905,-1.4736254196614027,-0.7364439747296274
0.0,0.5066537391218655,-0.3208192431385506,0.9849804566716248,0.3064215985952683,0.342268797867703,-0.025625011936392425,1.135936273999934,1.0159516109610505,-1.30633529964483,-0.6952572119123531
0.0,0.050406301428598387,-0.2736471094604995,0.9702851229611739,-0.22190351535876593,0.35437094926098245,-0.08425995324059952,1.2437221692116172,0.8908356400551619,-1.4800512547846194,-0.7492692706025676
0.0,0.4827044991011074,-0.343812908428584,0.872168993303018,0.350499911132709,0.3484101103719815,0.022075855299512778,1.1848018107026121,0.9422460752431043,-1.2294699459574943,-0.6888742736836736
1.0,0.6934565159891333,-0.2696332384166973,0.9639372144426618,0.33186574716653144,0.29818720258772374,-0.05292059330136648,1.0326479956507684,1.0651365576045855,-1.1740631282329559,-0.729395244377
0.0,-0.1316833273973316,-0.32066651149652897,0.9755386523902416,-0.24985554749146105,0.36694608749821783,-0.04651606591651216,1.2077239580452441,0.7517836406826973,-1.5625008516013623,-0.7302078630775213
0.0,-0.17705968940364464,-0.3546200366838584,1.0259830819235907,-0.24915652627509738,0.3874196216818832,-0.04678660551167374,1.2712924120918152,0.7674238099938347,-1.6730468197474404,-0.8133228757078685
2.0,0.6608002191973389,-0.30751078488698247,0.8810055527938615,0.3540005297213152,0.2951207663992061,0.001488765689903238,0.9583841938217845,0.9745328258210366,-1.1234482083845576,-0.706992627010433
0.0,0.42493986339602424,-0.30033235498213845,0.9101816829490034,0.3034923787375814,0.3355123366866457,0.000354655234045104,1.226707585155964,0.9012321354576239,-1.2743144384340237,-0.7249935822267282
0.0,0.332432085571632,-0.327460171118991,0.924947952775106,0.12906888177082554,0.3340704748662163,-0.03256040888723649,1.1292701961651241,0.9109963352651629,-1.3292410765608695,-0.7032950052557743
0.0,-0.4220783525858732,-0.3322851687998456,1.0000005750095142,-0.279907249735997,0.43245770041967796,0.02401546062388019,1.363640222041046,0.7031780923990643,-1.637713595348246,-0.7601650129346287
2.0,0.6749003641307354,-0.2907607952155263,0.891534126666655,0.37950347867339895,0.2638431858181594,-0.03444586060636155,0.9650841972914087,0.9842565901667238,-1.1220716862793427,-0.6880806221301297
1.0,0.1748518276726827,-0.48724591536059353,0.9041698318906128,-0.09831539876176976,0.38568031853840995,0.056520230030097686,1.1304933029847841,0.7457092351590594,-1.5683279742176335,-0.8661942101704577
0.0,-0.3049920589629827,-0.3772213742735663,1.0388146750628948,-0.37716197901006254,0.4343503065673368,0.011160150236849273,1.3041255005768366,0.7067868778748172,-1.7127372398972511,-0.7742639210607324
0.0,0.02289019200107912,-0.40998359779099913,0.9341472125183927,-0.10303942353403481,0.35872417378382093,0.005973320484949942,1.207939899098264,0.7348355464909199,-1.5444699758595795,-0.796460788506661
0.0,0.08990397966025691,-0.291640252340585,0.9845501350140885,-0.11618043050954216,0.358448743550597,-0.07630798187548,1.2078279207803702,0.8710442665768298,-1.4936255120525235,-0.7789276615765534
1.0,0.5408808249285666,-0.3684544733772844,0.8936913801451861,0.2144137330479541,0.34098606605193243,0.005397976163017042,0.9947925108974263,0.9249191642817804,-1.2285317611896385,-0.7875102253283485
0.0,0.4788791852664541,-0.2658648766492578,0.9303811178966002,0.2023138403892517,0.2960948632522063,-0.06700467481277883,1.0571800829334692,0.9494889290495352,-1.2246598201719197,-0.6984506151215597
0.0,0.3283499067787219,-0.3032357749747641,0.9310049602278957,0.21797833374390999,0.3249865373493069,-0.03053669691844671,1.1583549387661027,0.9751658654875226,-1.2672171079450183,-0.6925859756675767
0.0,0.18321730687828927,-0.28862851390872024,0.9575262876420185,0.08464186335110972,0.3752367419254934,-0.021388052433833543,1.2259075227996399,0.9585795015867414,-1.3359403782363595,-0.7266172075579906
2.0,0.09218432027304056,-0.266408539078768,0.9631092224306274,-0.10858747764553839,0.3291963467383486,-0.06843218891271073,1.2765115780159109,0.7788093171615913,-1.5550806070994405,-0.8300734584771313
0.0,-0.33045626772906295,-0.4825121128084985,0.9377904314886439,-0.42605194776869293,0.4531823459293016,0.0607269933457825,1.3041144690730355,0.6319717040116136,-1.7903020885857668,-0.83155148842118
2.0,0.841563137134119,-0.22419477436615495,0.8445357954015538,0.4900476980422224,0.24089942476237003,-0.057927372656306444,0.8509104154547866,1.0318019247176695,-0.9263014282499041,-0.6044317356177739
2.0,0.39832857945635,-0.3378949079915513,0.9398362079152355,0.18990573392790042,0.3475536917462761,0.0003354174378155558,1.0844028638100918,0.856298143469533,-1.3381427029768627,-0.7896538781531063
0.0,0.14456927420105786,-0.28196062380447984,0.8927181601524353,-0.10671116047305987,0.31805008111987265,-0.03890611733077094,1.0771962400525807,0.8238353371620178,-1.354872789233923,-0.683101462200284
2.0,0.16593180618741932,-0.38701730068115625,0.9670896410357719,-0.04235189363780413,0.3564014789538787,-0.0072301515222837525,1.149094943614567,0.7568756537694558,-1.478937773143544,-0.7684370125917828
0.0,0.6197330839774113,-0.2943826166881343,0.9142052601959746,0.3549043272219409,0.29091261368308025,-0.009939224301379616,1.0238061019424665,1.047524262787932,-1.1621618802517146,-0.6689524453575328
0.0,0.7639216766395467,-0.20714874636936695,0.8467866353532101,0.4262842069568231,0.23486346291734816,-0.10560447907947162,0.9130254508333003,1.0867055559411962,-0.9889583860306029,-0.6164543454317336
1.0,0.21511834882371855,-0.4953887673378315,0.7394821579851534,0.029954524543743744,0.4072859900922555,0.08496822225962482,1.1090397384503614,0.8081847600962805,-1.3250678891073102,-0.7624761824212645
0.0,0.3458753238447895,-0.29811104847970654,0.976636276659319,0.07466777893951383,0.33190571455190243,-0.04335017931663384,1.1260036901902344,0.9430595398959467,-1.3814402598950823,-0.7259404606233208
1.0,0.3194450806545955,-0.5019432895125882,0.810967061147895,0.051724763587117195,0.3505088668516887,0.07551995654820755,1.0311257983407667,0.7879547209188502,-1.3735677042315084,-0.8145541462206072
2.0,0.3640200736642372,-0.303331235061079,0.9579454101011401,0.14241363728976214,0.3503961016530873,-0.016403737100085518,1.1515551418310306,0.9420969299361354,-1.3615753274472033,-0.7800091917886108
2.0,0.8149122984872924,-0.25504808534902557,0.8145167588451763,0.4682368498387528,0.24105806083039003,-0.02312623469710902,0.8434807395125613,1.0149104882169653,-0.9644474024757926,-0.6371296655248713
2.0,0.5122983376814486,-0.2718770926681105,0.9423529946640746,0.2446595587486988,0.314728676099075,-0.03511207401088665,1.0328202584426698,0.9519573173498455,-1.2242450891190195,-0.6835741998296078
2.0,0.7107741973542292,-0.32510169936395295,0.9210666285468898,0.3798938971525485,0.3018072674717378,-0.0012236978510798409,0.9918230977080283,1.0109093010152153,-1.165062201269176,-0.7417171277584286
1.0,0.5130685400385577,-0.37500361296104956,0.8399975801910367,0.1832739719869317,0.3319234746332104,0.014419363757075221,0.9755808992965801,0.869219159992697,-1.2259724646269738,-0.762758414487581
1.0,0.4608205786031304,-0.4022598741293857,0.7848565605553713,0.15755039859901776,0.33196959768732387,0.032953049317284516,0.9510307476827593,0.8110358586365526,-1.2280146262862466,-0.7622304570042726
0.0,0.09233402351750747,-0.3467022250651529,1.000848195858692,-0.14127794314960115,0.36807260554479926,-0.031522669713012874,1.187981702191265,0.8226371689846641,-1.498701084209116,-0.7551447939323751
1.0,0.5967517073424358,-0.2874325837693968,0.8408187863961706,0.32230486067117387,0.25178217270218256,-0.05526858294066393,0.9414054532096071,0.9083417173264161,-1.1085156950185884,-0.6558496977360744
1.0,0.2105625050197191,-0.4722966615740648,0.8321453035973451,-0.07267777861424667,0.3621550268315546,0.054613692097037154,1.019170140628429,0.6584134165416745,-1.4130553368698149,-0.8062401671948678
2.0,0.824120242861302,-0.2556062861629154,0.8592403360035108,0.5072295208826013,0.26982084030042525,-0.03532246736323704,0.9158163677091183,1.0828087430933246,-0.9443105728729911,-0.6167626962713574
0.0,-0.26953463525248644,-0.4014052897190245,0.8996127592447477,-0.2593817727544751,0.4216289415454062,0.024814896258668832,1.2499820025303425,0.6383724586512798,-1.5796078232618478,-0.8139765802102211
0.0,0.3299244713536867,-0.40134829851820714,0.8786896031907224,0.201463932054132,0.38010177096511477,0.03423096824026718,1.186101379063655,0.9865550297921098,-1.262273615446147,-0.6398213905260319
0.0,0.21750686780132097,-0.2984066356358857,0.9351424096987165,-0.051865254801794373,0.3431803871845377,-0.010764495309056907,1.0844874962650497,0.8233824464781531,-1.3752735020785496,-0.6862552345826708
2.0,0.6605879980514744,-0.2461471823530633,0.8727176279496791,0.3504337306297732,0.26030662389725806,-0.03058733544903182,0.9718219265341759,0.9849247262993855,-1.079195593608849,-0.6603610319877738
0.0,0.17253721150708326,-0.386941246054274,0.907497931034007,-0.04878965868277753,0.34110038767152645,-0.02344389566953512,1.1491968286164262,0.7790174864708109,-1.4829306450295956,-0.7673296180177243
2.0,0.3933486395004776,-0.3797823276010252,0.8687519395063,0.144019324437625,0.3227735852161723,0.013077233573811452,1.0010997417473024,0.8069801281296438,-1.3204584169772364,-0.7750161576174921
0.0,0.45514127636586665,-0.2957932865858948,0.8460505761369301,0.23688583246289488,0.2995862321261942,0.012544538082221836,0.9572807921871652,0.8652026523856351,-1.1340960692750277,-0.6123777157525077
0.0,-0.03692126282239481,-0.3326135500378552,1.147177867473118,-0.14688951559808283,0.3152390020855126,-0.014839091042559299,1.1362342638155771,0.5566516767832494,-1.6610872263000125,-0.83468088200168
1.0,0.6557438392507828,-0.3188191717017,0.9310709496928473,0.3207400614904808,0.3391607892462763,-0.006825647053952029,1.0341015196705268,1.0052725616526805,-1.1868591770782309,-0.7740761511406656
1.0,-0.15406710815070004,-0.5870640933160381,0.8219323909745134,-0.355392398826521,0.4206988968372602,0.10536184073586402,1.1344587628183693,0.5352841060737084,-1.6783246454493752,-0.8488626838501158
0.0,-0.12242688143160194,-0.35897612273693086,0.9751891545951367,-0.23050619661808014,0.2941895344702061,-0.060015916114207354,1.182485757023096,0.6864181596785783,-1.6046721704304219,-0.8106096774339676
0.0,-0.252742165443944,-0.39359768392408595,1.0349003170050828,-0.49075838945367756,0.3952723956283401,-0.014397343237172155,1.1573216368754704,0.5678322081472359,-1.802324305562412,-0.8019271402382383
1.0,0.009303833327947124,-0.6473655062577417,0.8472807484288369,-0.3084607104500455,0.4101768306666805,0.07708690506255915,1.156065260210345,0.6619088207521746,-1.6718033061873527,-0.897018002886926
1.0,0.4543470938472038,-0.41774464533367056,0.8845269420838102,0.11088343495701222,0.337233295386776,0.016899928267292204,1.040224109241303,0.8606247216304566,-1.3500179455001304,-0.8328418741200833
0.0,-0.1526191236281937,-0.30236517423305265,0.9361642332691135,-0.05297945722034483,0.4175463440672805,0.008343321265949106,1.3365211500362917,0.8461503063639005,-1.4341265008305057,-0.7362460975506993
2.0,0.24927682666420248,-0.29983584735154933,0.8610739956012351,0.10625151632692816,0.3088323555434543,0.0035044877854515017,0.9497924528886817,0.660858159012705,-1.2516626981813783,-0.714993202035999
1.0,0.47342028124775326,-0.31876365987894434,0.8952508963023623,0.2297326005063951,0.33187717478722334,0.024848646115666877,1.0430322947601478,0.9149650318755044,-1.2296627089381218,-0.7027221220648951
1.0,0.19079383050645643,-0.44384746508130546,0.8406790147853803,0.010161920807241827,0.3486327529896664,0.0531510614666239,1.0406885957227479,0.6940904024139612,-1.3882472103909602,-0.7997289730966846
1.0,0.8947161252230957,-0.2436652520361046,0.9042642317988254,0.5254718747196926,0.2727608110203787,-0.04293190938403347,0.885119203892019,1.0676949185629685,-0.9979497351580195,-0.6829872459725097
0.0,0.08293478634079983,-0.34450906476583976,0.950983577076046,-0.09565119530962801,0.3241646657751381,-0.06839914074827966,1.1729279031184898,0.8088376636820278,-1.5243411879429871,-0.761331251297874
0.0,0.2539840291356086,-0.37462247467192356,0.9736412374768406,0.022665520838927478,0.36071459499999037,-0.004682166876591509,1.2128726282389835,0.9492444802308455,-1.4582065134309232,-0.7340569297084585
0.0,0.052583618768091714,-0.3831926483012337,0.898518106713891,-0.027349971261407646,0.37791676770097443,0.003761388288278665,1.2104052584086145,0.7553394276648759,-1.4849044502845832,-0.8041761275913034
0.0,-0.25877259367863176,-0.28854654436228705,0.9623548114886049,-0.4339758464303173,0.4108267237172752,-0.054857032572026135,1.2262817494204787,0.6912832900148923,-1.610245695856751,-0.7817649411373451
1.0,0.6585469216866008,-0.32045121811393457,0.9298987369668685,0.323708945611034,0.3388665355110573,-0.006992848690153273,1.0319969614936133,1.005740288897591,-1.1855035512629202,-0.7724662978770369
0.0,-0.1071392081847245,-0.3518962109990587,0.9140525144609538,-0.18754337668757548,0.3847620697014711,0.02279768656431274,1.173022579333999,0.6910162673755126,-1.455378157171336,-0.6742661976001479
0.0,-0.058503691194346175,-0.46314022872441757,0.8316575805656612,0.02918182049567501,0.45806855250460404,0.09926862485493378,1.34719899459742,0.9049495162131885,-1.3606130915383499,-0.5936933144306143
1.0,0.1843485059568061,-0.48564420981367806,0.7588213493801513,-0.08785413307541946,0.34598995084470174,0.053991631174214044,0.9922856436866634,0.6683438040737836,-1.4163217409601752,-0.7967334662405949
0.0,0.3796916680299064,-0.3490848838009386,0.9127188864299375,0.24556383158629522,0.35313913790493184,0.01436362049391127,1.1742683186745033,0.9606788340542052,-1.280957729770587,-0.6991052965705211
1.0,0.6789873470552266,-0.23197469710139557,0.8754020752385259,0.3821435593999922,0.259685519796767,-0.056059889489552005,0.9180425319820642,1.02194236330688,-1.0417553428560495,-0.6254025872796773
0.0,-0.15918575215348324,-0.35056443837319695,0.9655837645364362,-0.18201322325093802,0.4225318653097506,0.016010985368602845,1.2980207669180492,0.7720148728424033,-1.555151654537334,-0.7373391992824022
0.0,-0.13680934199814018,-0.32875853841464353,0.981785370608953,-0.25119100951068984,0.3672582296412585,-0.03569905127226338,1.2435216606836619,0.7375495897562016,-1.637342286039525,-0.7909927375790641
1.0,0.7146142673763362,-0.3178194828162139,0.8694297129457648,0.2993854126808318,0.328925596550107,-0.02410925522615964,1.020808783783154,1.0871737226843834,-1.1461680497635494,-0.7285580140623179
0.0,-0.23575348087719508,-0.3509504537630294,1.0551903556500162,-0.4752573551876204,0.40956918416278704,-0.03980878309812397,1.264761975833348,0.7369820699095726,-1.801140668136733,-0.8304327428340912
1.0,0.2641851011602605,-0.5053362621635688,0.8907495206985317,-0.02129884871852691,0.37774170977903193,0.05242615068697783,1.1035593494040068,0.751810752343936,-1.5200954206654282,-0.9129751649547796
0.0,-0.1020268246994291,-0.3606196422975487,1.0578625747945412,-0.13343081426766754,0.4102801436935466,0.05197469265902975,1.1838955014395567,0.5989447695094566,-1.568383332410473,-0.7753485835220185
2.0,0.9773478276693999,-0.24185952552552545,0.9077877153211565,0.5936742634025972,0.23673682248414452,-0.04544025913937323,0.8985562164392045,1.125646051631045,-0.964717288515461,-0.6646299230963436
2.0,0.8298190807251901,-0.27184971896778853,0.9217879615846227,0.41596690278317106,0.2821521860715307,-0.05415849654065048,0.9526246378167731,1.0572957638345781,-1.0456662278194897,-0.6516742823553867
0.0,-0.21685884266706376,-0.4091895981424156,0.9886350482702255,-0.3770146745888666,0.39890390411875715,0.005017265875491945,1.229065942695771,0.6640767259844418,-1.7127399184237952,-0.7829172823620939
0.0,0.16293602768222198,-0.37096866483197494,0.9641595894799513,-0.091143950162565,0.33829430622213025,-0.044277558103203773,1.1752931116258396,0.8786348525215598,-1.5185628664844177,-0.7696852166863049
0.0,0.2737026951337854,-0.34968050008018814,0.971576030254364,0.08922555158535639,0.24720160604144137,-0.10777746508984516,1.1161011199156443,0.8894266478220622,-1.447866642077764,-0.7786297396818797
0.0,0.4857367367292635,-0.30360343460089123,0.8975718706273116,0.3234047310379071,0.3219112668138666,-0.014478247093323331,1.106642053868526,0.9697507912149796,-1.2205822087633305,-0.6460835298475547
0.0,-0.04925034469679782,-0.33173672837744417,0.9394389230169748,-0.08992106872181849,0.4049811244599129,-0.04474428092056003,1.2482592881117995,0.8147621174391947,-1.4529055943222422,-0.7560192897523704
0.0,0.447910389853824,-0.29300051573298724,0.9273939965402379,0.24582140714240572,0.3178394623192064,-0.030388391572142057,1.0384908559567787,0.9002473733077446,-1.201578685465981,-0.6641351213934374
0.0,-0.01846292646696216,-0.4320924389884219,0.8199897892601479,0.04527469090301938,0.4578444387952578,0.06532657430357029,1.2782907038927078,0.8291519202875651,-1.3846313087484254,-0.6618718567737786
0.0,-0.39877011514333793,-0.3709357461004063,1.045057083285132,-0.5536830797791481,0.4307829685032714,-0.027641399438644566,1.3118364533712699,0.6468109530071879,-1.848086911578511,-0.8350895670957343
1.0,0.5418027070607396,-0.3501044714728883,0.8036939780349317,0.23260409841178983,0.28002381478638755,0.02222467704584984,0.903277468206226,0.8403674432117006,-1.0966328965580983,-0.6599864457612452
2.0,0.6301260717371677,-0.3375734330967386,0.8472653113781138,0.29383880803559687,0.2970688485718788,-0.002077423085636915,0.9564000418845643,0.9269814656135884,-1.151319314190682,-0.7084439422221894
2.0,0.8169769924363972,-0.29310202196148444,0.9713599267933104,0.4795366886681245,0.30464547424128763,-0.02454047750129744,1.0291260889282934,1.1339306262908158,-1.1725719854419614,-0.7230176399519415
0.0,-0.2332709052518589,-0.3658340558934125,0.9582433231825968,-0.31722475895748553,0.411103826197027,0.004178051511277851,1.2522353696302302,0.6896170715900879,-1.6386266203181257,-0.7558123831754749
2.0,0.7170003145667059,-0.2808912711417569,0.9637208965473941,0.4229891606207405,0.2842259378438549,-0.029397630349974082,1.0193660678341985,1.0350926698052458,-1.1647184014852558,-0.7210882420518568
2.0,0.4330655016712636,-0.3041254234390968,0.9280922977285012,0.18679928839955917,0.31234973203911126,-0.009088198216007658,1.1193314895616564,0.8386406257446835,-1.3343186319373839,-0.7967660917416631
0.0,-0.15241457416272874,-0.3579065520594369,1.203334707377562,-0.28045927766543716,0.3770411978128241,0.09259042123666228,1.088700711504737,0.31850498097378815,-1.7094151159720634,-0.804090750973616
0.0,0.7767805343416209,-0.2292771349893883,0.8458441679055492,0.45318200803982717,0.23650350788375363,-0.05795004748900586,0.8589191973830262,1.041529083934923,-0.9626741819083691,-0.5970647145683566
0.0,0.43329833867028356,-0.2537219703385961,0.9587236018407912,0.1588370608210209,0.32894435094758157,-0.07909633684903383,1.1074063323792958,1.0224534305078643,-1.2739828541165306,-0.6924419720612821
2.0,0.6012904003062951,-0.2831983638711141,0.9350312602307115,0.32992772279041155,0.2965252425949854,-0.0172994790399181,1.0155383300568377,0.9585024311340281,-1.197629158385098,-0.7004478464701346
2.0,0.391785932359872,-0.3912414220265216,0.8936169130934609,0.12947519030421972,0.32688451554902176,-0.00964633202076786,1.0467385594491605,0.8466654648935353,-1.3519186294741101,-0.7847768631246355
2.0,0.3553338228020726,-0.35003772596033605,0.8995639765407981,0.13059363475569138,0.33717867268090385,-0.01791305904753688,1.1159795115633708,0.8767066140000414,-1.3360789967019384,-0.725616730113582
2.0,0.39561630417318905,-0.4164880724733367,0.877540245476891,0.10456499597605537,0.32408863244139974,0.0410719469847048,1.0369921545771992,0.8149504326722201,-1.3491007457761204,-0.7759130553287619
0.0,-0.3096172998775728,-0.37270803199498914,1.0092312889173627,-0.3147227697772905,0.39346125938754994,-0.02471352460270282,1.3114654459059238,0.6818299158476293,-1.7353982869535685,-0.8165456191636622
0.0,0.32177795291854405,-0.3244393066240427,0.9671818105838238,0.1532871572372432,0.34171072675440556,0.0007087728366828882,1.1150890596401997,0.8673600770819646,-1.343816412373995,-0.7168096162569828
0.0,0.3318856426075786,-0.24383897869446283,0.9128222416700988,0.09315739409869601,0.32161018732485586,-0.07650422766114232,1.1262490596921964,0.9625966244045345,-1.2636503315177456,-0.6903187374359575
2.0,0.4465603433426254,-0.36926430968706275,0.8798729899254712,0.23571228396055127,0.33305838605204274,0.054431902599705706,1.0541394102918216,0.8325898694105385,-1.2797307707677203,-0.753544652357328
0.0,0.6182162003212813,-0.3001378664147046,0.913827130350016,0.3482486624546917,0.2902907513524011,-0.009113075227429301,1.0262893264071415,1.0447421563883958,-1.1662894998819142,-0.6706342661784868
0.0,-0.042634671857661524,-0.3278418510909314,0.8685439611258714,-0.004756536000691678,0.40736916596474854,-0.0009084675744499849,1.2925540432333946,0.9013732584274333,-1.3699914592763651,-0.6864625494117322
2.0,0.41074973564372946,-0.3771132955833381,0.9225079236145051,0.15763645985708047,0.33209259383109035,0.015519147922303404,1.1489822820125037,0.801813150922589,-1.4241577045412253,-0.8350798424629383
2.0,0.6409808010716612,-0.3256365514360368,0.9336226422339677,0.31239290220595045,0.31712661042499046,-0.022190864330453527,1.0220576982945204,0.983838809064279,-1.2314010853568713,-0.7510427206133803
1.0,-0.1575939485277885,-0.544940397907526,0.8330073285943422,-0.33847095440022457,0.4237926098971795,0.09792170733308946,1.090948522472993,0.4844329751645907,-1.6305011094380648,-0.8610029570185221
1.0,0.4789946260588134,-0.36783660937319784,0.9523087058435468,0.13522535798085086,0.35043968638295636,0.012524658992119572,1.0600937934154098,0.8948972873827991,-1.363084928735214,-0.7954371518948499
0.0,0.38407187634308276,-0.3393594522173677,0.9169191282627911,0.20555319598522678,0.30594686548032896,-0.01326099603679252,1.123084990885751,0.9632740986758265,-1.2893474843224575,-0.6963582387643641
0.0,0.38771179346097767,-0.3327136264870996,0.9236601091705371,0.18526813623569635,0.33794912535265303,0.003352974159339362,1.2111666081608206,0.8356553192209938,-1.3925265129925548,-0.7495157811925679
2.0,0.4363506307158995,-0.2906773245739622,0.9658524223150463,0.25381839747002366,0.34811147339129395,-0.012525999118625229,1.092916779425166,0.9199456064662802,-1.258525750505815,-0.7387206479223496
0.0,-0.2209342264259855,-0.4058957874774933,1.04060031970342,-0.45420725146929425,0.36952076430122055,0.01068171284471949,1.180843965212504,0.5991594354311626,-1.7439812541007995,-0.7757803608973821
0.0,0.44104359494391043,-0.3528210546191729,0.9096856142433596,0.21381787793107435,0.3433916735607134,-0.02309172620081087,1.1641417829923226,1.0727907280686875,-1.2844965546063973,-0.678353551827686
2.0,0.15973148490570446,-0.47129389290644236,0.798966161867711,0.1576652523210633,0.4455121630968536,0.10163950911328118,1.204478809736786,0.8407019359591119,-1.3444542866882854,-0.7088908131053935
1.0,0.43630768049438046,-0.43884421023979503,0.7884605190945122,0.1831539362660205,0.37063314143638565,0.06541777807200011,1.0221418659642059,0.8833395082433269,-1.229398881489376,-0.7588108693653682
1.0,0.06073355423451881,-0.5165718957649533,0.8694749430880039,-0.08428753480403381,0.41301289685731807,0.08016938941288718,1.1613176510002485,0.7155024661467626,-1.5176080458262968,-0.8244963322694485
0.0,0.20225704874610528,-0.3610271647630725,0.9439553075935692,-0.0013861770275980234,0.35634595790179446,-0.006155522911285516,1.1634804245550185,0.8662746958434582,-1.4299687560414895,-0.723695344873704
0.0,0.4069534022085093,-0.26188279867724135,0.9109265197206426,0.27015549772315556,0.3462603495076851,-0.04098603285900834,1.1525127037807747,1.0542988964804896,-1.1685803791990987,-0.6684108095036613
1.0,0.3840519759116821,-0.38389193831300994,0.8160196602778528,0.09857821648090499,0.34360985200427185,0.013731411884276613,1.031686498991494,0.8545315949228204,-1.2390657702406633,-0.7428807927277482
0.0,-0.3053444288050135,-0.48945820505984805,0.8454954201524908,-0.19988663704557852,0.512928225258083,0.10592275473825408,1.337056811379664,0.7016711052620049,-1.5837121125423548,-0.6900950905951586
1.0,0.33240868109438954,-0.463763467590164,0.8802147496106296,0.06535183599796789,0.3514945063467041,0.046827811856176065,1.0741238750774285,0.8008219189941883,-1.4298393497693127,-0.8516327680313381
0.0,0.13554967293460476,-0.28625923092592287,0.9627676919692814,0.11684926783684457,0.3859786754151308,-0.0290201245196219,1.2807917217216869,0.9705391088039568,-1.3209744950037192,-0.7091785846739123
2.0,0.38987429751906283,-0.31620761364438504,0.961500248850085,0.10442265952655742,0.3008692302892721,-0.03534852399295846,1.0341504917934883,0.8385827756205271,-1.3678085970324139,-0.7432960080372732
0.0,0.3788396560532205,-0.30235461481646,0.8176681533748028,0.234438295750057,0.2969007387976436,0.038460151776306184,0.9333494410795324,0.7729630604678509,-1.102136092735272,-0.610243854423364
0.0,-0.08247700922835904,-0.37685157978334105,1.106905383989215,-0.1733072325318622,0.36104660949562317,0.042261059382536374,1.1462875515795672,0.4992165008488183,-1.6496134254938135,-0.8296101245885859
1.0,0.20047324346151293,-0.5599003889677455,0.7917075450645714,-0.058831810406068476,0.39603089239084865,0.1282034925349829,1.0324009955383655,0.7154625867743317,-1.4605002626776695,-0.7920558135502223
2.0,0.504468984308496,-0.41010123487990513,0.9003506573823701,0.26713604086894643,0.3504484687577439,0.038333793751796526,1.0891964352500123,0.93253253327798,-1.3084110352581582,-0.7939521716825203
2.0,0.3334152316222492,-0.3686246805580206,0.9295571848605443,0.1453878807211385,0.3434056701608798,0.008457447840714628,1.0743907092555056,0.8063633336314877,-1.3756855293674377,-0.7858522989362189
0.0,-0.05369586484460545,-0.3327340116832128,1.0244833001913118,-0.06563068372158964,0.3981225219639865,-0.01678480713929854,1.253377286116939,0.7258321091163257,-1.5552055409624557,-0.7917285301714889
1.0,0.7157050008193041,-0.3292993723581999,0.9179085966868278,0.34604001159851366,0.3371251955246314,0.00388061408049021,0.9826512138048807,1.0217447815797267,-1.1685203550717769,-0.7616991469493279
2.0,0.6896773873862013,-0.3641110354563199,0.9344240326479257,0.368281766278557,0.31039136004106826,0.0019338638072900743,1.0647041795842618,1.0467635809657085,-1.2399481086127728,-0.7747710422579065
0.0,0.1298458195704314,-0.3577250661808498,1.0236816417003416,-0.029359406081133896,0.28117248578208315,-0.04190904313467981,1.1170035460867833,0.7723433433350214,-1.55312380194664,-0.7915941092771354
2.0,0.47920490852312037,-0.3169818416237831,0.9551728952872126,0.1838860899602112,0.3080875535838698,-0.03100790952310873,1.0597244061921771,0.9291730021175585,-1.3126680380419682,-0.7405399168792524
2.0,0.8439309605437776,-0.26817698616372504,0.8761259972401287,0.49214903066015764,0.2752159334273766,-0.02677490574753155,0.9170300928146943,1.093560180456742,-0.997018450498581,-0.6355641323587169
0.0,-0.038920747447695775,-0.3481557469625594,1.0214999313071622,-0.18722851995883857,0.3456815442038795,-0.012084500690511727,1.1191160198995622,0.4680334504504325,-1.6437070586923825,-0.9311840317006839
2.0,0.14410254696295374,-0.401811299326063,0.9627258167380378,-0.11764986489322923,0.37435506945666003,0.0011195451049704332,1.1529432023260868,0.74179820127177,-1.5481734950931705,-0.8147256572027596
0.0,0.3161453893536343,-0.301833841659197,0.983631586536355,0.15514399190732373,0.2741146570695308,-0.05840375442634584,1.065354211751474,0.8421242337058717,-1.3650315536544957,-0.7554825718659873
0.0,0.02582954927884902,-0.29454648843966424,0.8983553635816162,0.06731177196623041,0.4158746090789254,0.006603036375823789,1.3199370831537705,0.952422260808257,-1.3064465158833907,-0.6798460689874796
2.0,0.6807626216288876,-0.2819939139338226,0.906820949260928,0.37429329944860595,0.27214719531196757,-0.019419047864107024,0.9622687833900211,1.0036264390003782,-1.1137630558815323,-0.6706079586463816
0.0,0.05606636033783145,-0.3921960143005832,0.8938007544435508,-0.034626400243517354,0.37513372591359817,0.005605347421522259,1.2091835878842265,0.7524335455704243,-1.4872838597982487,-0.8039544792251384
0.0,0.009034848318913498,-0.2961183076573385,0.9827209823840374,-0.15078430968496176,0.3609242782684731,-0.04381773797459565,1.248065042737368,0.8329875094665063,-1.5101946916531872,-0.751261234619059
1.0,0.3713340228050947,-0.4669226305745542,0.8357787564396858,0.13595341250300408,0.362695339769125,0.05698996928520501,1.0448086032271384,0.8192543709278106,-1.3683592784404754,-0.7862664839625358
0.0,0.5845323661874448,-0.27246607415644186,0.937861601795469,0.3031215926366193,0.3154137317091227,-0.02348662760008925,1.0738216219203813,1.063347139103072,-1.212688300865037,-0.7098861042942319
0.0,0.10238136867569252,-0.33868155746974726,1.108675621944916,-0.024339230184059042,0.390019981223126,0.03993827640730237,1.174912726858279,0.6214046058329669,-1.5688774945227417,-0.8218284954245274
0.0,-0.20490972898900509,-0.37502488899976016,0.9628328585624695,-0.3820446457993239,0.3773850712180138,0.007189025077968836,1.1979910504817963,0.6489133274555207,-1.639122154712677,-0.7178744375705719
1.0,0.4106217731721699,-0.4559591348923277,0.7877146454527975,0.11853550248779357,0.3299175788415596,0.05265464187978068,0.9831830337643623,0.8382934376597404,-1.2694020085036755,-0.7468552509322762
1.0,0.15524338668381626,-0.5757598653435707,0.8436345950785008,-0.12956110163676468,0.3906620522029698,0.0685798513745381,1.0832062546502461,0.6931692612442103,-1.54055477949706,-0.8703673945909197
0.0,-0.027779168882729983,-0.33459986602463343,0.9519317967466788,0.004351090824249947,0.3979194818461074,0.01687025859615406,1.233454500242035,0.8162970963386026,-1.4205206181153212,-0.7323877334889799
0.0,0.06531634277650225,-0.2916963227065419,0.9855723189773844,-0.10067324662831292,0.36062489652922797,-0.049771434620523185,1.2029660415293566,0.8535481175379966,-1.5038401413319715,-0.7644117205445446
0.0,-0.4665600662784917,-0.4230734643583395,1.0318925313803615,-0.6896258296102894,0.41269587025958665,-0.02075230039428083,1.3311410217869037,0.6373124402396533,-1.9398022671135104,-0.809879406374328
0.0,-0.1791904729960317,-0.38315755047016975,0.9697316047368627,-0.27944877021240466,0.2722895882783853,-0.07766641588761669,1.1346581582770203,0.6659202480858023,-1.692496099706852,-0.7659269236028194
0.0,0.15704912368421722,-0.3543158585953105,0.935746531957274,-0.06628386785460126,0.35123168753021083,-0.017128894480010554,1.1555971526036597,0.8256109072619183,-1.4453240148485846,-0.707636505839931
1.0,0.22925804526198143,-0.4624157925958143,0.8730161727643481,-0.03219816819125531,0.32280072898549195,0.037427816238692575,1.0807807287749123,0.7691403434557074,-1.4412201070318036,-0.7817001466949781
1.0,0.5743379174100776,-0.3884426503171844,0.9064290944126344,0.25371233542119304,0.3332668680457338,0.03661020736270133,0.988249532157375,0.9445472160174001,-1.2412703916911156,-0.7353647597614796
2.0,0.6698578570891792,-0.34717872958087054,0.9248515175034603,0.29101863535349065,0.3267079775687307,-0.009492739763421318,1.0553817502222955,0.9984405242527524,-1.2705334378406405,-0.749099725857377
0.0,-0.5370242881114807,-0.28472820950443284,0.9180537284466258,-0.44092575107750137,0.4640870394936779,-0.003906720705951254,1.3669769753489578,0.6734829518878669,-1.6481892801167672,-0.7719155105582455
0.0,0.17135384381824248,-0.37262632194403056,0.9191707171298362,0.014188320954909196,0.35996366689308873,-0.030260830272832332,1.1637254192216977,0.7887989326908782,-1.4478963718220994,-0.7835719430366078
0.0,0.3731978980596272,-0.33192453613238676,0.8855059371919048,0.22380344615298875,0.34442559325573396,-0.003300232100015392,1.107497285215222,0.8949294090270996,-1.2708380471686929,-0.6596669971334691
0.0,-0.3811404708591578,-0.3938333060988019,0.9995585118247344,-0.37501789543744735,0.4375933451594505,0.023719733589188715,1.3933771395050318,0.7073494056157307,-1.7176311749272641,-0.7659813737974758
1.0,0.6440719986733582,-0.2816287208880697,0.80489827139037,0.32016659661063124,0.2665561657265893,-0.014051161678175309,0.8969605002020087,0.9046273676412446,-1.0185518090214047,-0.65074781658394
2.0,0.4165981528504441,-0.3567313554948972,0.9426988078902165,0.17574159835930914,0.3482213948542873,-0.011210393723740709,1.1350225621213517,0.9878163304179907,-1.3225189895679554,-0.6849935668210189
1.0,-0.10974404030734566,-0.588147922828319,0.6990781927564341,-0.00927690569619844,0.4983468312936224,0.15400949048447857,1.2374053988487097,0.7046862779908879,-1.4382604389054001,-0.7391284945759045
0.0,0.3396166954598014,-0.3667703875945064,0.8888860096534094,0.2069852669118789,0.3377330455103922,0.006158830150333846,1.1240313953736372,0.9066796221754008,-1.2875389284209202,-0.7075258307158947
1.0,0.13654049389860914,-0.47037275732969336,0.8723878069493756,-0.02482851615773057,0.39563792365831585,0.06793768998856346,1.1314254448098957,0.7409158159023935,-1.474574032819496,-0.8262856382900065
0.0,-0.16570890143614364,-0.38300188794430046,0.8948854892640501,-0.1183335939170541,0.3838031867745559,0.007027855891784704,1.315205473352123,0.8090172277109043,-1.4895207624177675,-0.711084867248664
1.0,0.6383528702988707,-0.31602046225519703,0.8954853751193518,0.2813809782951728,0.28722397467100075,-0.020933511650896276,0.9706073155005773,0.9687349011843231,-1.1411993798168225,-0.6840708445886086
1.0,0.10717905838973821,-0.49539575902745125,0.8924031128175557,-0.1476147940149531,0.3721204053290421,0.08100313933682628,1.066365933045745,0.6574010079726577,-1.5319069743156433,-0.8130106447264552
0.0,0.2855571629844752,-0.2855074997699144,0.9054364766560349,0.017334860548669218,0.293625522030554,-0.060314407935092115,1.067569203090434,0.8907915976117639,-1.337284793748575,-0.7229979957873914
0.0,2.93504616076296e-05,-0.33192491503150173,0.9450672666231791,-0.054416546993183365,0.32268121420885576,-0.08409624219039512,1.2475749904459172,0.9060493039362358,-1.5191766294566067,-0.773482988278071
1.0,0.5255738828952113,-0.330391290002606,0.8569116786950164,0.19208921903433898,0.276490584274547,-0.004776345164928999,0.91234455547399,0.8402418407301108,-1.1332194407780964,-0.6683277696784999
2.0,0.600125502978946,-0.2500926043585311,0.8344297493681495,0.2754066198328395,0.27182674773589327,-0.042450388412014296,0.9180880220215998,0.9211166767794409,-1.0551794877758733,-0.6399181652584194
0.0,0.3163198208203539,-0.2962192935972578,0.9856918059565403,0.15690894470619107,0.2733016446431133,-0.06207706149197528,1.0671284387784976,0.8474044442625234,-1.3621223034958045,-0.7507147164670406
0.0,0.15511747882427537,-0.30110849297660236,0.9835488967159215,0.014021838522132705,0.3682929625844254,-0.01591762025639707,1.1929803034838509,0.8423982167653009,-1.4161430153192258,-0.7456171323417449
2.0,0.42773087334000703,-0.30974382377286075,0.9573096430324244,0.1801481447323705,0.3189946375575594,-0.03418197107296719,1.119662666072448,0.8676285804884339,-1.36983997002244,-0.7923885647800158
0.0,0.8830909013929891,-0.3115856616598804,1.0290633897955825,0.5027912126388401,0.30617227368965383,-0.04691990288883084,1.074151938644851,1.2119312933305415,-1.2498711472967776,-0.7387113229530614
1.0,0.9290766151327836,-0.23533243380830085,0.8828740450635291,0.5427696882142571,0.23583437125361933,-0.049739559663034845,0.8804659189885122,1.0994407124163812,-0.9513175189495087,-0.6263389378263239
0.0,-0.03189525211540361,-0.3200293698037664,0.9717246697594722,-0.2216207053512335,0.36686779111623763,-0.028475834925969442,1.173266891638438,0.7358178541064262,-1.5493378939727942,-0.7574582569301128
2.0,0.3818750932602392,-0.3688674597370048,0.7855489064128168,0.15875675085689797,0.3128608888270514,0.029766404974995362,0.9376972767133867,0.7362621331647519,-1.1931812799265307,-0.7028619206600613
1.0,0.8388161842464185,-0.22630844420601368,0.8147577591696564,0.4841912022544717,0.24067820646629043,-0.04378247850251441,0.8304377631569395,1.0290049664220031,-0.9030824112040656,-0.5877022262738676
1.0,0.3318362824180547,-0.4520413963233723,0.8231777063187431,0.06072841729311382,0.34439339084167253,0.026921776698573548,1.0435939303215813,0.8366590131731594,-1.366725147822324,-0.7783780323231921
0.0,-0.1675159383448772,-0.42009856970980763,0.9538342128507793,-0.30907765903975815,0.38082842621952295,0.0035484364634612575,1.2468197722919285,0.689710181672126,-1.6957787801511586,-0.7670808406546712
0.0,0.5325690933636257,-0.30775077556747765,0.8761657852502096,0.1922641244184758,0.304643926565491,-0.04724873345167864,0.9418283190046038,0.93275576262247,-1.2270002095472246,-0.6933879490409579
1.0,0.642910661175847,-0.36410996731784606,0.9769591130316257,0.35627900809049606,0.3528679380219223,0.01003248394570417,1.1023818138572905,1.037842548555798,-1.3175664759344525,-0.8091214158468776
0.0,-0.029635979756712914,-0.4008761363795825,1.0397235921451025,-0.1091660957943116,0.3675895298964211,0.04283331552520395,1.2158065809522356,0.5795677525230817,-1.5820365359101978,-0.8032893572534834
0.0,0.19458820128246493,-0.2838218100551192,0.9151102102321127,0.08764015107172662,0.3701155468173649,-0.02144001458528573,1.213949142590813,0.9539994447127632,-1.3222950047772863,-0.7215584327993185
1.0,0.5339990588939852,-0.42188129233351596,0.9345145247048802,0.2208852485132714,0.35375889889481993,0.015273505123332143,1.1048008870747354,0.9596745805607901,-1.3687940746545793,-0.8678980237907834
1.0,0.062445378937834015,-0.5946917808300035,0.7813207756828617,-0.17651818088583043,0.4041119421253333,0.11147190903539995,1.0666906030194179,0.6198286253052789,-1.5423641189731456,-0.8396346253921857
0.0,0.642245760157464,-0.2970259349032115,0.9615605667393695,0.4125850472238756,0.28156986166172293,-0.05496946494821058,1.072343800657539,1.0618673713617428,-1.2067934197764243,-0.708198265843494
2.0,0.4217411521822214,-0.29690122547926323,0.9473159904732849,0.22526284414484646,0.3320202782298579,-0.003891906538752444,1.154204990827676,0.8152803576156271,-1.3914609546914245,-0.7808419012210586
0.0,-0.2047238908100711,-0.3114445054012796,0.9228450915087825,-0.30987794956435327,0.3989568981139556,-0.01895260943464287,1.1744255293970522,0.6758575588464737,-1.547550511101018,-0.7021672434133032
2.0,0.6244612453738227,-0.29666549256944563,0.8797293438110501,0.3777521721785888,0.29490497801452875,-0.019303769899124745,1.018894229317084,1.0084469395224005,-1.0839005638845265,-0.6357357681263238
2.0,0.2969182573831998,-0.37642298905322186,0.953367157624318,0.07015012812155944,0.28573846684482235,-0.08684201924703443,1.1305951689298337,0.8980279826200925,-1.4884000319700974,-0.7903420922847895
1.0,0.30444668186828494,-0.2988284192979336,0.8261247538030148,0.18787337373942137,0.30447736172936857,0.00296839332440868,1.0101660434156656,0.7678355947136879,-1.1757525634020567,-0.6222512358799577
0.0,-0.40597353329261143,-0.35852890691409506,0.9466013580560684,-0.5786682731161515,0.415862209101518,-0.01694040889851749,1.2531227757533392,0.5697703013817469,-1.7723869701226553,-0.7607699702183406
2.0,0.12404938353343851,-0.3416147583149492,0.9589290647279649,-0.08116651447637686,0.36421634828937904,-0.0008251500715102468,1.2299016183094373,0.72074410674857,-1.5528570666672692,-0.8391807924896951
1.0,0.8165445933118463,-0.2549176482328524,0.9033922143280506,0.4231050997041166,0.2827879287263689,-0.03407855508460974,0.9372661753247181,1.060399110428989,-1.0617357064038515,-0.6907981921297809
1.0,-0.2039887835936887,-0.5659154433716129,0.8868645795590275,-0.4316550025941579,0.40633150730486756,0.10134665921309984,1.1166106159542943,0.46544469143826883,-1.7143752388246767,-0.8653026617817826
1.0,-0.16655977766404484,-0.6964463903145357,0.7466339879221731,-0.38490770055682627,0.4373068299096126,0.16144037475906214,1.0883072808191374,0.4735850972401631,-1.7119758818056676,-0.89616461698111
0.0,-0.033581298736057114,-0.3339917547468628,0.9045517674514225,-0.12509172262091722,0.37573142860616954,0.014507614628278783,1.2141431186880385,0.7771075840507234,-1.4362829557486942,-0.6717804370181901
1.0,0.6314633945849809,-0.4214911510829221,0.8508761044253003,0.24155532382428646,0.3194719153371724,0.015778904103419998,0.9718291976235129,0.9658813777972352,-1.279882664707574,-0.7564198997887698
1.0,0.3113612732937876,-0.48106745743623247,0.8984384827737538,0.06309841091762174,0.3757134330863098,0.06264068993722212,1.117248168812608,0.8069333926124392,-1.492022936074239,-0.8302271314808782
1.0,0.5997813752009755,-0.2954267074043552,0.8243286900577091,0.2636008108300822,0.2830318563750812,-0.07029427086845749,0.9212597154435658,0.9602669225562186,-1.0820347943476267,-0.6387026835055578
2.0,0.46565607377874946,-0.33137435040303637,0.9207700496864697,0.2561006710701992,0.3474927499653801,-0.008241313875519804,1.0645579809234256,0.923313250972165,-1.236337712359807,-0.7265520797717193
1.0,0.5869598791748285,-0.37605780771933495,0.8612181723117829,0.27155826840549707,0.32022583551704886,0.026324295084923507,0.9755897104740143,0.922674455344677,-1.1978135618567467,-0.7327518272399902
0.0,-0.1177834366458688,-0.34515585763945006,0.917527522263902,-0.12499112300993351,0.42404687061403573,0.013707499778463264,1.2522528287065162,0.8126449834429816,-1.450984224091085,-0.7261928237053785
1.0,0.7382112216008337,-0.29666732390117095,0.8613014354517585,0.39167604134663153,0.2893282680184041,-0.006851805643619676,0.9365886920376828,1.0128180666973716,-1.0612192624493648,-0.6652610766652384
1.0,-0.0922694267114488,-0.5621458546417516,0.7756407368110447,-0.2901377036440663,0.39656875821443777,0.09742709052771693,1.08133747228762,0.55794780719571,-1.5946847810977842,-0.8104550042530385
2.0,0.41415862095052913,-0.3475286136618105,0.9109527760390508,0.20057015979694107,0.3429105382854656,0.020766883523951254,1.0707354096032806,0.8577908638675334,-1.289396205190885,-0.7297952809071137
