y,x0,x1,x2,x3,x4,x5,x6,x7,x8,x9,x10,x11,x12,x13,x14,x15,x16,x17,x18,x19
2.0,1.78531,1.24124,-1.78407,-1.67579,1.4142,0.95092,1.09475,-1.64344,1.71135,-0.55107,-1.4486,1.36419,-1.77001,1.17336,-1.5814,-0.65247,-1.84168,0.83303,1.79572,1.72145
0.0,1.19029,0.71212,0.07019,-0.62638,1.17753,-0.32353,0.18339,-0.60444,0.60644,-1.11068,-0.21223,0.85264,-0.25066,-0.47329,-0.35908,0.07656,-0.29338,0.23978,0.32202,0.88688
0.0,0.58907,2.06502,-1.45217,-1.66743,1.86893,0.66339,0.58712,-1.36367,1.37815,-1.16036,-1.44088,1.20572,-1.50774,1.18274,-1.51691,-0.54086,-1.22911,0.86411,1.51864,1.606
1.0,-0.55681,-0.89575,0.74935,1.15332,-0.92806,0.01722,-0.47693,0.66627,-0.70937,0.56121,0.9555,-0.66113,0.76124,-0.46491,0.80229,0.92342,0.86884,-1.05956,-0.88289,-0.77614
2.0,0.47151,0.39082,-0.04817,-0.08447,-0.25958,0.89092,-0.25064,-0.36854,0.27008,0.0668,-0.18928,0.36828,-0.13286,0.33302,0.02695,-0.33026,-0.28832,-0.26406,0.05799,0.06389
0.0,-1.26908,-0.96548,0.71563,0.63194,-0.28641,-0.86202,-1.03796,1.09655,-0.9708,1.02149,0.82098,-1.16734,0.78099,-1.10306,0.98754,-0.00977,0.96806,0.23985,-0.80535,-0.67205
1.0,0.26272,-0.30677,0.50716,0.88253,-0.49776,-0.16007,0.32263,0.33003,-0.35604,0.2573,0.60178,-0.57807,0.4887,0.01112,0.41032,0.14687,0.48771,-1.17538,-0.54324,-0.46613
0.0,-0.50713,0.15698,0.07658,-0.54898,-0.0663,-0.13731,0.42197,-0.01919,0.1475,-0.1267,-0.11321,-0.19749,-0.0632,0.52073,-0.23968,0.2085,-0.01001,0.60841,0.17257,0.04209
1.0,0.50682,0.39602,-0.39826,1.08555,-0.00207,0.37529,1.19003,-0.23666,0.05005,-0.28776,-0.22477,0.12858,-0.4172,0.4002,-0.17331,0.01135,-0.27406,-0.97012,-0.04797,0.15675
2.0,-0.36911,-0.74176,0.31795,0.63613,-0.42976,-1.31601,0.17983,0.6001,-0.38375,0.33079,0.75701,-0.21312,0.61571,-0.45549,0.75016,1.14212,0.61715,-0.60196,-0.4861,-0.77194
2.0,1.0498,-0.13121,-0.79389,-0.57084,0.71368,0.6916,-0.09431,-0.91947,0.64742,0.28974,-0.99863,0.45903,-0.35779,-0.17057,-0.11147,0.64675,-0.7651,0.88508,0.6325,0.62609
0.0,0.45009,-0.08852,-0.65349,-0.54024,0.14766,0.84504,1.07647,-0.61969,0.58301,0.15357,-0.91744,1.21969,-0.60736,0.66581,-0.47191,-1.27241,-0.83678,1.36971,1.00416,0.76127
0.0,1.43001,0.74831,0.07132,0.17355,1.02182,1.25475,-0.10839,-0.25587,0.09431,-0.46329,-0.25723,0.34136,-0.25088,0.16074,-0.6804,-1.12873,-0.02167,0.3579,0.33878,0.31748
1.0,-1.16574,-1.54053,1.14241,0.69035,-1.10022,-0.34351,-2.03539,1.11167,-1.39229,2.20598,0.98468,-1.29827,1.33902,-1.37437,1.50874,-0.07696,1.26377,0.40952,-1.36808,-1.30355
0.0,0.56197,0.18017,-0.92325,-0.67996,0.24448,0.56993,0.95156,-0.41432,0.59768,-0.52293,-0.48173,0.09143,-0.42776,0.82692,-0.39551,0.32897,-0.39297,-0.32112,0.31658,0.65695
0.0,-1.79778,-2.32121,2.46232,1.25336,-1.21746,-2.02506,-1.66511,2.07853,-2.04943,1.36369,2.37508,-1.92019,2.32666,-2.4014,1.89187,0.81144,2.19421,-0.71531,-1.90702,-1.98897
0.0,-0.85398,-0.96734,1.04575,0.97373,-0.30505,0.04896,-1.24202,0.90379,-1.13714,1.09499,0.85638,-1.00108,1.0471,-1.11358,1.19737,-0.02919,0.99986,-0.04512,-0.97784,-0.9593
1.0,0.2208,-0.51649,0.2568,0.24005,0.46741,-0.06705,0.14277,0.49088,-0.46423,0.51318,0.34201,-0.74125,0.51405,0.12402,0.16009,-0.79991,0.50504,-0.00485,-0.31134,-0.53891
0.0,-0.33773,0.48206,-0.005,-0.55342,1.04342,0.47816,0.91195,-0.40185,0.31398,-0.71498,-0.33139,0.46615,-0.5989,0.44189,-0.66061,-0.21028,-0.24977,1.96264,0.50007,0.51622
1.0,-1.25865,-2.03008,1.87307,1.451,-1.46989,-0.73518,-1.59839,1.77032,-1.88001,2.0211,1.76544,-2.14939,2.00489,-1.25658,1.70919,0.06698,1.74475,-1.01159,-1.9457,-1.92896
0.0,-1.11596,-2.24054,2.04399,1.90738,-1.56329,-0.96464,-2.49859,2.21719,-2.02019,2.01827,1.98044,-2.55228,2.2936,-1.79941,2.13134,1.21678,2.23961,-1.49192,-2.26054,-2.07713
0.0,0.4442,-0.30154,-0.12327,-0.29389,0.17628,0.46277,0.57667,-0.22671,0.10177,0.09336,-0.31503,0.113,-0.05541,0.96997,-0.40801,-0.588,-0.17213,0.8251,0.2773,0.29418
0.0,1.05892,1.72252,-0.63161,-0.95678,1.24688,1.59706,0.56429,-1.2159,1.32277,-1.22893,-0.851,1.24456,-1.44951,1.21725,-1.35757,-0.1119,-0.95646,1.18083,1.28229,1.18446
1.0,0.54884,-0.6974,1.03517,1.56443,-1.10539,-1.18218,0.2567,0.91542,-1.14383,0.31133,0.85134,-0.49957,0.61443,-0.16985,0.70516,1.29745,0.73594,-1.35705,-1.09157,-1.05246
2.0,-2.16443,-1.62435,1.03837,0.35566,-0.77795,-1.79219,-1.64215,1.39188,-1.1217,1.8884,1.05703,-1.64264,1.24291,-2.41924,1.36836,0.9194,1.05822,-0.3317,-1.18224,-1.17833
0.0,1.02522,0.10555,-0.4905,-0.27519,-0.2168,1.94815,-1.26868,-0.5288,0.35109,-0.30132,-0.1737,0.65789,-0.05367,0.76764,-0.76135,0.18649,-0.35374,0.44032,0.27837,0.4317
0.0,0.29012,-1.01905,0.89389,0.4812,-0.77348,-0.30775,-0.90542,0.79311,-0.84992,0.61894,0.8293,-0.80564,0.91645,-0.79562,0.76647,0.97506,0.79467,-0.90129,-0.99082,-0.80292
1.0,-0.52,-0.94991,1.48041,2.28844,-1.53068,-2.25825,-0.17676,1.47582,-1.55035,0.50356,1.37783,-1.15174,0.97797,-0.6497,1.17181,0.15783,1.31557,-1.72951,-1.59157,-1.54221
0.0,1.33601,0.57784,-1.12938,-1.39633,0.16461,0.35515,0.15932,-1.03725,0.75387,-1.50383,-0.84535,1.17078,-0.55317,1.22252,-1.25783,-0.23414,-1.18619,0.75373,0.96679,1.13213
1.0,-0.04129,0.15422,0.34354,1.6019,-0.94461,-0.61029,1.04383,0.29837,-0.60387,0.02185,0.09696,-0.26016,0.03106,0.37683,0.03307,0.0973,0.13237,-1.12358,-0.54025,-0.39638
1.0,0.76545,0.10313,-0.64628,0.90797,-1.16073,0.34011,0.61809,-0.46901,0.23953,-0.30483,-0.1734,0.09687,-0.6435,1.14945,-0.13984,2.50742,-0.2367,-0.81945,-0.17108,0.5049
2.0,-1.00602,1.15697,-0.93515,-1.28809,0.71824,1.44655,0.01983,-0.86875,1.00614,-0.34617,-1.05476,0.88666,-1.23864,1.329,-0.98105,1.01565,-0.83127,1.05565,1.01195,1.302
0.0,0.09918,0.63579,-1.28487,-1.36868,0.17551,0.50504,0.13936,-0.85359,1.3681,-0.69753,-1.37486,-0.04846,-0.8948,2.00539,-1.00912,-1.63916,-1.26163,-0.79986,0.76351,0.85625
2.0,0.44536,0.20322,0.13641,0.5762,-0.19093,-0.06418,0.16659,0.05363,-0.18772,0.07109,0.09202,0.03826,0.01659,0.27372,-0.10828,0.37568,0.02523,0.29342,-0.12067,-0.06894
0.0,-1.07395,0.70597,0.09203,-1.17686,0.60322,-0.74136,1.43692,-0.49337,0.53006,-1.26058,-0.40164,0.09993,-0.6786,0.88633,-0.80082,-0.67495,-0.49649,2.07599,0.75212,0.70622
2.0,2.36501,-0.85515,-1.18615,-0.80705,1.04338,-1.63992,0.9654,-0.76251,0.84114,0.01802,-0.31487,0.96512,-0.14147,0.5214,-1.02759,-1.10408,-0.68957,1.26028,0.81802,0.55597
1.0,0.83999,-1.17853,0.73713,0.63525,-1.12404,-0.52303,-0.5048,0.886,-0.9458,0.87991,0.77535,-0.33113,0.67371,-0.4598,0.73161,0.99399,0.53389,-0.58982,-0.74731,-1.17104
0.0,-0.36314,-0.57817,1.11494,1.14959,-1.04148,-1.1023,-0.3277,0.89672,-0.80142,0.48728,0.84221,-0.93474,0.8344,-0.44035,0.77139,0.9507,0.89674,-0.83868,-0.90184,-0.87501
1.0,-0.53623,0.31161,-0.61321,-0.79277,0.03413,0.93153,-1.16646,-0.35128,0.42064,1.04673,-0.74287,0.41727,-0.30952,0.13881,-0.07351,-1.82445,-0.36162,0.50073,0.24133,0.33268
2.0,-0.79283,-0.06513,-0.35073,-0.16977,-0.74203,0.52874,-0.49518,-0.10199,-0.0862,0.31884,-0.13968,0.57904,0.06961,-0.57742,0.04773,0.41788,-0.09047,0.94116,0.27113,-0.08368
1.0,0.17178,-0.40874,0.06559,0.41104,-0.60433,-1.00357,0.07123,-0.08656,0.04421,0.10988,0.13949,-0.06777,0.06614,0.12668,0.00921,1.07762,-0.00227,-0.70622,-0.23491,-0.07233
2.0,0.19816,0.07722,-0.48534,-1.10637,0.17162,0.57869,-0.76302,0.32566,-0.08658,0.43852,0.26879,-0.02339,-0.30661,-1.64689,0.00298,-0.7855,0.05377,-0.57794,-0.01479,-0.46229
1.0,0.96247,0.15036,-0.67564,-0.68738,0.56586,0.61302,-0.72576,-0.66004,0.61194,0.00638,-0.58218,0.59799,-0.38347,-0.1304,-0.36185,-1.28002,-0.5928,-0.05928,0.49917,0.37456
2.0,-0.62033,-3.05593,2.76609,2.48725,-2.58585,-2.97757,-1.59856,2.57354,-2.80503,2.14973,2.80352,-3.01788,3.14756,-2.37407,2.7882,2.72559,2.60161,-1.72909,-2.61181,-2.8585
1.0,0.40251,0.2464,-0.34175,-0.09314,-0.56928,0.2632,-0.31695,-0.04546,0.06493,0.51758,-0.05669,0.2317,0.17052,-0.44494,0.1955,1.59685,-0.05799,-0.89075,0.12199,0.03455
2.0,0.81043,0.9326,-1.72486,-1.35176,0.73131,2.16219,0.94415,-1.30973,1.23108,-0.69934,-1.28552,1.21818,-1.32093,0.70586,-1.37586,-1.12947,-1.42526,1.02664,1.39431,1.23037
0.0,0.54227,-0.34516,-0.75127,-0.73929,-0.09069,0.89732,0.44956,-0.56427,0.31026,-0.9258,-0.08851,0.70901,0.04999,0.54862,-0.87394,0.58829,-0.3813,0.95751,0.39912,0.548
2.0,1.75631,0.80048,-1.13483,-0.99738,0.76065,0.34921,0.36442,-1.17118,1.00692,-0.66963,-1.21269,1.4021,-1.37754,1.57942,-1.17284,-0.85747,-1.27106,-0.12018,1.14544,1.056
0.0,-0.23443,0.24687,0.75409,0.2378,0.72817,-0.62056,-0.0229,0.38184,-0.37642,-0.84569,0.3722,-0.24705,0.33058,-0.6884,-0.0546,0.89864,0.58762,0.55073,-0.1868,-0.31694
0.0,-0.23291,0.57833,-0.18196,-1.25098,0.16661,0.68977,-0.19219,-0.36281,0.30527,-0.73841,-0.4899,0.80318,-0.75809,0.03474,-0.18721,-0.96874,-0.59742,0.44777,0.6959,0.56854
2.0,-1.30913,-1.41548,1.86034,1.26479,-1.92907,-0.99135,-1.67617,1.66709,-1.6299,1.80748,1.75488,-1.69437,1.94121,-1.71415,1.98018,0.95824,1.72006,-1.26505,-1.63782,-1.70578
0.0,0.38939,0.66166,-0.05962,-0.24486,1.15334,-0.14712,0.58685,-0.32183,0.31908,-0.92993,-0.33005,0.06928,-0.50071,0.66136,-0.41785,1.0596,-0.16194,1.43997,0.38134,0.72455
0.0,0.10411,-0.14667,0.38386,-0.01919,0.75283,-0.19755,-0.8488,0.22816,-0.41319,0.0631,0.20602,0.07267,0.25722,-1.18357,0.16367,-0.03912,0.38554,0.44149,-0.18624,-0.22371
0.0,0.63393,0.63442,-0.92102,-1.94386,0.43106,0.47092,-0.25087,-0.83858,1.11992,-1.37893,-0.67596,0.92554,-0.73507,0.38079,-0.66686,-0.96879,-0.89812,0.73553,0.96892,0.71831
2.0,-0.21709,-1.08099,1.58469,0.99713,-1.44765,-0.42794,-0.98498,1.08208,-1.20563,0.97294,1.44947,-1.1336,1.32632,-1.25764,1.42742,1.85449,1.29991,-1.12772,-1.26169,-1.34554
2.0,-1.78563,-1.26367,1.42697,1.0136,-1.4286,-0.65058,-1.6506,1.78882,-1.852,2.36193,1.82362,-1.5529,1.57118,-2.01261,1.99433,0.66152,1.74072,-0.55284,-1.72539,-1.9295
1.0,-0.30942,-0.92875,0.94789,1.20593,0.00186,0.65299,-1.58372,0.67817,-0.85476,0.40033,0.83424,-0.82792,0.96116,-0.31673,0.84412,0.28975,0.97198,-0.03454,-0.7718,-0.68335
1.0,-0.7166,-0.94388,1.03564,1.38424,-1.63941,-0.82996,-0.16675,1.05802,-1.09347,1.45239,0.89432,-1.32658,0.71779,-0.75455,1.06246,0.47717,0.9995,-1.32444,-1.28387,-0.97977
0.0,-0.60484,0.40259,0.24846,-0.32209,0.32841,-0.66426,0.72756,-0.26484,0.11659,-0.85871,-0.31436,-0.23176,-0.27154,0.38564,-0.37145,0.45405,-0.06954,1.63395,0.27252,0.41906
0.0,-0.70975,-0.68285,0.70448,0.16655,-0.53664,-0.3028,-1.66299,0.52223,-0.69844,1.0628,0.78654,-0.84192,0.97139,-1.00864,1.17111,1.74109,0.70718,-1.30642,-0.83846,-0.75555
1.0,0.26396,-0.20758,0.65151,1.16004,-0.52687,-0.95515,0.03725,0.70202,-0.60605,0.22319,0.59545,-0.4078,0.47261,0.09269,0.39713,0.22374,0.59607,-0.49206,-0.66816,-0.62988
0.0,-0.68798,0.42305,0.30278,-0.9595,-0.36687,-0.74279,1.43728,-0.36029,0.37078,-1.22614,-0.09028,0.01817,-0.15811,0.2589,-0.58629,-0.23988,-0.13408,1.28047,0.37645,0.48811
1.0,0.34495,0.12915,-0.42315,0.35375,0.19582,0.09035,-0.0575,-0.18769,0.23727,0.17643,-0.24282,0.35781,-0.3765,-0.14175,-0.02025,0.13693,-0.32277,-0.7183,0.19568,0.15501
1.0,-1.78985,-1.59728,1.52617,1.49695,-0.61349,-1.68355,-1.35545,1.65172,-1.64146,1.44507,1.92329,-1.9123,1.62188,-1.09313,1.69709,1.48172,1.6094,-1.26064,-1.58096,-1.73349
0.0,-1.86645,-0.46814,0.56074,-0.3026,-0.09485,-0.16662,-0.79194,0.65147,-0.41593,0.72137,0.48716,-0.81964,0.13701,-0.61021,0.69952,0.22341,0.67603,0.1558,-0.58298,-0.67702
2.0,0.45041,0.01001,-0.2977,-0.01202,-0.09627,-0.63582,0.16266,-0.04081,0.01046,0.21471,0.0673,0.2615,-0.32124,-0.00892,0.07333,-0.50298,-0.30884,0.03509,-0.02061,-0.1521
0.0,-0.87594,0.46331,0.0613,-0.64418,0.66541,-0.14254,1.62206,-0.39778,0.45091,-1.03678,-0.1618,0.35315,-0.36705,0.2814,-0.63432,0.61932,-0.08902,1.51573,0.41758,0.61737
0.0,-0.65942,0.34998,-0.29613,-0.53727,0.35062,0.273,0.4914,-0.46072,0.45297,-0.09291,-0.59862,0.56806,-0.29217,0.26651,-0.50932,-0.62685,-0.52609,0.13071,0.31303,0.39403
0.0,-1.58992,0.4195,0.33016,-0.79847,0.0313,-0.44943,1.87132,-0.36835,0.38731,-1.08613,-0.27496,-0.26846,-0.28322,0.74553,-0.5176,1.0193,-0.26317,2.47849,0.6392,0.57189
2.0,0.58915,-0.39716,0.1375,0.38609,-0.39104,0.02097,-0.20096,-0.01348,-0.1893,-0.31706,0.19961,0.11209,0.15144,-0.32917,0.08211,-0.34994,0.18561,-0.58246,-0.09749,-0.21245
0.0,0.10016,0.10022,0.51281,-0.82168,0.23678,0.09133,-0.20999,0.20383,-0.16546,-0.67901,0.23233,-0.39609,0.30078,-0.31579,0.08116,0.77493,0.20693,0.37926,-0.16475,-0.19838
1.0,0.32385,-0.5172,-0.35916,-0.19244,0.34815,-0.39702,-0.37084,0.04189,0.14535,0.95994,0.07687,-0.20907,0.45879,-0.22428,-0.19153,-0.34766,-0.04661,-0.32426,-0.10587,0.00138
1.0,-0.46225,-1.1411,0.34377,0.37785,-0.64145,-1.01641,-1.02527,0.6924,-0.54338,1.4123,0.60826,-0.86329,0.99739,-0.62042,0.73349,-0.11384,0.50477,-0.82964,-0.64147,-0.52145
0.0,1.75974,0.65644,-0.49403,-0.59835,0.95502,0.15263,0.89823,-0.66008,0.74401,-1.09889,-0.57716,0.98963,-0.58068,0.22237,-0.7125,-0.73185,-0.60123,0.44511,0.67635,0.94651
0.0,-0.12857,0.48985,-0.41752,-0.9908,0.484,-0.11516,-0.68086,-0.46546,0.54743,-0.29581,-0.55272,0.35836,-0.55583,0.80741,-0.31702,0.53386,-0.45021,-0.0021,0.48046,0.61209
2.0,1.01521,1.38487,-2.0936,-1.87632,1.21464,1.26128,0.23108,-2.08168,2.06745,-1.10888,-1.91265,1.6703,-1.87667,1.78796,-1.51033,-0.84533,-2.00328,0.2499,1.79257,1.82832
1.0,-0.13001,0.29472,-0.16007,0.64346,-0.05703,-0.24616,0.52447,-0.18098,0.01311,-0.1015,-0.19636,0.0524,-0.30107,0.41584,-0.07131,0.5215,-0.11219,-0.71768,0.10233,0.14084
0.0,-0.15616,-0.55574,0.21845,-0.50707,-0.29583,0.05307,-0.1557,0.16795,-0.18069,0.24112,0.26038,-0.54129,0.10938,-0.4397,0.29887,-0.13671,0.22531,-0.13226,-0.2249,0.10874
1.0,0.22344,-0.35869,-0.207,0.37374,-0.60716,-0.09765,-0.51735,0.1347,-0.16728,0.52164,0.22561,0.02316,0.47252,-0.67179,0.36119,0.54242,0.14132,-0.72597,-0.1938,-0.3376
0.0,-0.14481,-0.3698,0.32715,0.15763,0.57429,-1.16134,-0.54706,0.50826,-0.40476,0.26696,0.27636,-0.4127,0.31995,-0.47663,0.09816,-0.08466,0.47324,-0.49884,-0.23853,-0.19065
2.0,1.67528,3.2671,-3.7224,-1.90889,2.46408,2.55084,2.22113,-2.90185,3.01379,-1.78445,-3.17629,3.00504,-3.34441,2.2805,-2.6176,-2.47591,-3.33859,1.03222,2.73696,3.00941
2.0,0.75578,0.37804,-1.13312,-1.03989,0.91438,1.68546,-0.44156,-0.88594,0.71121,-0.03536,-0.77441,1.38375,-0.76659,0.21526,-0.45877,-2.73159,-0.8192,1.69794,0.9214,0.63093
0.0,-0.57299,0.30702,-0.30395,-0.83543,-0.31433,0.71891,0.14052,-0.27723,0.50712,-0.70268,-0.49708,-0.20819,0.10751,0.72466,-0.16028,-0.63307,-0.5027,-0.65882,0.19077,0.25102
1.0,0.43759,0.14905,-0.1232,0.94985,-0.30741,-0.41368,0.19381,-0.13233,-0.03718,-0.00256,0.14566,-0.32987,-0.18017,0.80741,0.28965,0.7585,-0.22735,-0.72583,-0.10887,-0.11103
1.0,-2.37543,-0.52142,0.76584,0.93939,-0.73929,-1.23452,-0.87332,0.83448,-0.69584,0.94885,0.49762,-0.56424,0.57979,-0.56721,0.68132,1.93041,0.62633,-0.34853,-0.96235,-0.41829
2.0,0.14329,-0.37773,0.24582,0.42351,-0.53317,0.16009,-0.36074,0.31125,-0.39933,0.52458,0.16837,-0.14735,0.50391,-0.27659,0.37472,0.65777,0.29873,0.19366,-0.25682,-0.32118
0.0,-0.30459,0.90206,-1.16813,-1.25598,-0.26463,1.45675,0.86097,-0.69196,0.73345,-0.38632,-1.17251,1.13032,-0.51633,1.77172,-0.50556,-1.48794,-0.97921,0.67058,0.63137,0.74486
1.0,-2.27797,-2.19377,2.25738,1.81217,-1.91284,-1.21978,-2.40233,2.4867,-2.34782,2.84284,2.03833,-2.66989,2.3938,-2.2935,2.36216,-0.69607,2.19721,-0.79778,-2.36212,-2.05926
0.0,-0.44583,1.11128,-0.27651,-0.6196,1.54042,-0.21449,1.08488,-0.70766,0.84455,-1.27009,-0.68847,0.547,-0.84138,0.62568,-0.84271,1.0228,-0.5119,1.18276,0.72809,1.05422
1.0,-1.22927,-1.11043,1.4162,1.25462,-1.38695,-1.90046,-1.26645,1.67535,-1.41246,1.52552,1.51951,-1.34698,1.08212,-1.40494,1.41683,1.30424,1.44465,-1.31192,-1.53109,-1.49705
0.0,-1.13095,1.00299,-0.10075,-1.23718,-0.88852,0.00233,0.83162,-0.67363,0.40438,-0.68779,-0.36242,0.31186,-0.50584,-0.14638,-0.52472,-0.77853,-0.47377,0.44069,0.48412,0.42806
0.0,0.78979,0.71198,-0.79468,-0.65564,0.28394,0.21277,0.29196,-0.6192,0.74651,-0.43792,-0.89077,0.67164,-0.5349,1.07909,-0.65557,-0.20167,-0.62753,-0.28393,0.74388,0.45229
0.0,0.06031,0.33332,-0.7257,-1.01324,1.24595,1.22192,-0.37507,-0.54547,0.41912,-0.00414,-0.56337,0.57947,-0.42693,0.14396,-0.44656,-1.25566,-0.54317,-0.02406,0.52078,0.44265
2.0,0.38459,1.3896,-1.91212,-2.68192,1.20805,2.13606,0.75882,-1.76118,2.08839,-1.37414,-2.14669,1.55936,-1.95731,1.08713,-1.60712,-2.57663,-1.78399,1.78705,2.06776,1.39568
2.0,-0.58878,-0.39502,0.49425,0.33025,-0.71763,-0.004,-0.50238,0.63482,-0.7138,0.8881,0.59326,-0.56309,0.77812,-0.41555,0.48844,0.44815,0.80868,-0.11219,-0.49185,-0.64532
1.0,0.58922,-0.07601,0.19957,1.56457,-0.74156,-0.73213,0.52746,0.45724,-0.45491,0.15677,0.13543,-0.34909,0.03586,0.44935,0.29126,0.25164,0.34684,-0.80811,-0.43824,-0.4641
0.0,-1.16521,-0.88183,1.34648,0.69738,0.14226,-1.52945,-0.09385,1.12708,-1.0004,0.0289,1.21999,-1.1718,1.04281,-0.59991,0.90786,1.91614,1.35745,0.56708,-0.94533,-0.71874
1.0,0.78789,-0.25372,0.41221,1.20325,0.05289,-1.09771,0.57008,0.38988,-0.25775,-0.35734,0.42468,-0.12495,0.13008,-0.1067,0.27902,0.57501,0.32082,-0.3077,-0.2689,-0.36177
2.0,0.88926,1.69477,-2.43357,-0.92923,1.05596,1.02225,2.22916,-1.81784,1.64079,-1.20559,-1.96798,1.7438,-2.19523,1.15405,-1.83052,-1.52846,-2.18838,0.77816,1.70559,1.77163
0.0,-1.11947,-2.16544,2.09799,2.01753,-1.42504,-0.5922,-2.20051,2.17,-2.02994,1.89189,2.04582,-2.42055,2.33339,-1.70002,2.10737,0.14299,2.17815,-1.92731,-2.22119,-2.01736
1.0,-0.03774,-0.65268,0.55501,1.60693,-0.95309,-0.11595,-0.08048,0.83618,-0.89711,0.80964,0.72125,-0.76378,0.46404,-0.20291,0.49443,-0.38524,0.71825,-0.96734,-1.05889,-0.91752
1.0,-0.86445,-0.85339,0.57833,0.03825,-0.51096,-1.83913,-1.27423,0.57906,-0.49967,1.19955,0.22009,-0.25002,0.82066,-0.72302,1.01239,1.55469,0.33887,-1.0905,-0.83338,-0.48204
2.0,0.83517,0.56011,-1.2853,-1.40483,0.08723,0.60882,0.13666,-1.17457,1.08356,-0.36978,-1.16786,0.41111,-0.71805,0.51551,-0.74295,-0.85874,-1.22209,0.39405,1.02699,1.02347
1.0,0.74807,-0.06674,-0.84448,-0.17838,0.69256,1.73485,-0.29832,-0.53779,0.46985,-0.50288,-0.45655,0.72164,-0.08969,0.8368,-0.35743,1.10874,-0.55728,-0.23022,0.74836,0.47456
0.0,2.63995,-0.26398,0.34108,-0.73537,0.97494,1.49377,0.18175,-0.15078,-0.21564,-0.88249,0.16616,-0.11528,0.23423,1.02697,-0.33315,1.76931,-0.26452,-0.08611,0.14031,0.18898
2.0,0.09509,-0.1852,0.03367,0.04813,-0.24691,0.22149,0.05573,0.12026,-0.09231,0.47836,0.05039,-0.20433,0.21762,0.01186,0.11305,0.19216,0.03008,0.7725,-0.08812,-0.14539
0.0,-0.39634,1.14056,-0.81361,-1.55447,0.28099,0.21598,-0.39329,-0.531,0.80953,-0.22869,-0.72204,0.56327,-0.47151,0.19305,-0.27667,-0.12414,-0.50451,0.41719,0.75952,0.30803
2.0,-1.15397,-0.28178,0.21815,0.19526,-0.64447,-0.58009,-1.22679,0.52671,-0.46958,1.19698,0.22944,-0.61793,0.41511,-0.5859,0.69666,0.53219,0.51371,-0.5669,-0.59299,-0.34942
0.0,-0.43144,0.08065,0.957,0.53766,0.7977,-0.40792,-0.40631,0.46603,-0.45957,-0.41482,0.66589,-0.45072,0.30038,-0.82946,0.21527,1.80315,0.81398,0.32297,-0.50308,-0.35887
0.0,0.52152,-0.0902,-0.65825,-0.97076,0.21553,0.77587,0.51854,-0.68388,0.9348,-0.57532,-0.65201,1.10912,-0.68166,0.70031,-0.62203,-1.19308,-0.96188,1.02675,1.10598,0.65744
1.0,0.28682,-0.07149,0.14173,0.98701,-0.59838,-0.46907,0.08593,0.49758,-0.57311,0.05748,0.26844,-0.00606,0.08001,0.10126,0.33945,0.46525,0.27327,-0.92408,-0.36357,-0.3703
0.0,-0.26222,0.968,-0.09251,-0.58466,1.14199,-0.43293,1.3424,-0.58864,0.58712,-1.26135,-0.48465,0.23394,-0.56393,0.58032,-0.86281,0.46109,-0.40303,1.7076,0.69538,0.77727
1.0,-0.57095,-1.18707,0.11867,0.22188,-0.39408,-0.53863,-0.84607,0.62993,-0.34959,1.4119,0.51039,-0.63873,0.92422,-0.86856,0.40309,-0.81774,0.54783,-0.82225,-0.6965,-0.50748
2.0,-2.24457,-3.62277,2.1995,1.75748,-0.90947,-2.77282,-1.78558,2.88067,-2.80136,2.28808,2.94668,-2.70986,2.83678,-3.05864,2.67659,0.44389,2.85888,-0.88833,-2.56436,-3.20624
2.0,-0.5469,-0.14301,-0.45337,-0.18307,-0.19967,-0.53623,-0.46939,-0.04329,-0.04554,0.81692,-0.12526,0.09181,0.06875,-0.51113,0.35383,0.3782,-0.0309,-0.81291,0.01752,-0.02577
0.0,1.73609,0.25772,-0.62643,-0.09336,0.47027,-0.13822,0.46357,-0.39851,0.47843,-0.58928,-0.43227,0.26251,-0.42049,0.36659,-0.58201,0.42842,-0.37777,-0.58871,0.32511,0.55829
1.0,-1.03064,-1.03572,1.12894,0.50638,-1.10752,-0.55354,-1.47113,1.25756,-1.17909,1.43514,1.09838,-1.30111,1.37232,-1.00154,1.27382,0.42273,1.19984,-0.49614,-1.2947,-1.22763
0.0,-0.83792,-0.82071,0.59348,0.35187,-1.04004,-0.74143,-1.20711,0.9234,-0.80852,1.31581,0.60236,-1.23975,0.89576,-1.07492,1.1781,0.21846,0.83542,-0.8585,-0.90066,-0.57853
0.0,0.72629,1.10919,-0.35825,-0.58231,1.33274,0.86677,0.12309,-0.45774,0.48815,-0.68113,-0.57061,0.55772,-0.50999,0.36613,-0.57831,-0.02636,-0.33292,1.13731,0.59886,0.5557
2.0,-1.2547,-1.1981,1.16003,1.24806,-1.45802,-1.2898,-0.53613,1.00874,-1.02004,0.77453,1.09427,-1.21259,0.71207,-0.00936,0.74457,-0.31114,0.83619,-0.45521,-1.06023,-1.1276
0.0,-0.24179,-0.92389,0.38312,0.41386,-0.55537,0.05177,-1.4542,0.779,-0.79953,1.11542,0.76383,-1.00507,0.86746,-0.79441,0.9115,0.53418,0.83436,-1.09665,-1.03207,-0.60458
2.0,0.76634,0.32842,-1.04936,-1.44495,0.89465,-0.34918,0.29274,-0.50995,0.98505,-0.81084,-0.66915,0.62731,-0.69623,-0.2653,-0.59031,-1.45512,-0.76929,0.05629,0.82747,0.08288
0.0,0.43176,0.45503,-0.21282,-0.54792,0.31171,0.30324,-0.22282,-0.31853,0.13037,-0.18742,-0.14896,0.29464,-0.13272,1.0039,-0.27295,0.54103,-0.44275,-0.37693,0.26151,0.22462
2.0,1.73271,0.40028,-1.45162,-0.60433,-0.06871,1.30117,0.10115,-1.15035,1.19971,-0.1493,-0.9531,1.00487,-0.7711,0.69582,-0.77992,-0.29895,-1.16538,0.0407,1.06363,0.96303
0.0,0.58943,1.16871,-0.69822,-0.82543,1.12275,0.39683,0.83376,-0.97763,0.87544,-0.94397,-1.11315,1.00692,-0.91776,0.51083,-0.87103,-0.41715,-0.8421,0.17368,0.80985,1.10482
2.0,0.4348,0.9749,-2.05838,-1.49728,1.22628,1.76416,0.17314,-1.20716,1.64979,-0.58962,-1.57123,2.1339,-1.26205,-0.11605,-1.07374,-0.1784,-1.56132,0.58435,1.42674,1.37954
2.0,-0.07602,0.23724,-0.25852,0.94551,-0.0868,0.17687,0.9144,-0.29611,0.18429,-0.42822,-0.20811,0.18278,-0.55049,0.68253,-0.2315,0.0208,-0.45875,-0.92016,0.16026,0.21424
0.0,1.04966,0.45191,-0.53744,-0.69531,0.91505,0.68575,0.02081,-0.53623,0.62685,-0.93841,-0.47882,0.5281,-0.54074,0.90394,-0.80647,-0.12016,-0.50655,0.16242,0.55748,0.50805
0.0,-1.37283,-0.58274,0.43943,0.4497,-0.08197,0.19717,-0.43621,0.52736,-0.34548,0.03867,0.52948,-0.7183,0.51163,-0.05582,0.40482,-0.60264,0.65118,-0.84291,-0.35227,-0.65182
0.0,0.95638,0.86497,0.05907,0.37765,1.48144,1.06044,-0.06428,-0.32507,0.26777,-1.01435,-0.27848,0.373,-0.25761,0.34614,-0.69867,0.58076,-0.05156,1.05011,0.3235,0.34156
1.0,-0.97677,-1.3311,1.06121,0.90485,-1.38627,-0.84107,-0.78706,1.4161,-1.28955,1.19817,1.41149,-1.39684,0.99944,-1.76853,1.15643,-0.08297,1.35248,-1.53472,-1.25011,-1.19777
2.0,0.71659,0.02511,-0.28694,0.26993,-0.18759,0.76443,-0.63394,-0.09735,-0.00328,0.46051,-0.11498,-0.25136,0.14344,-0.28688,0.27076,-0.46869,0.06513,0.1542,0.08461,-0.13952
2.0,-0.22588,-0.81002,0.16999,-0.23996,-0.46624,0.06199,-0.81249,0.42647,-0.34665,0.70143,0.3085,-0.21786,0.25824,-0.96118,0.4712,-0.69694,0.51842,0.01976,-0.34186,-0.28616
1.0,0.75953,1.15071,-1.13118,-0.23962,1.15716,-0.15388,0.64229,-0.96773,0.92686,-0.66063,-1.30682,1.13467,-0.92567,0.59907,-1.04902,-1.37726,-1.14366,-0.42048,0.79707,0.92956
0.0,-1.12731,-0.90366,1.51011,0.56293,-0.75979,-1.38434,-0.65117,1.32287,-1.25226,0.96625,1.02599,-1.16436,1.09731,-1.1571,1.09427,1.02994,1.39101,0.18853,-1.11143,-0.97329
0.0,-0.07568,0.58788,-0.81984,-0.80635,0.16986,0.81617,0.55397,-0.75008,0.79325,-0.4631,-0.56019,0.75461,-0.64238,-0.12399,-0.57968,-1.86954,-0.68641,0.21361,0.55367,0.25447
0.0,-1.28046,-0.67302,1.28577,0.49524,-0.1918,-0.96029,-0.61202,1.00659,-0.87836,0.37419,0.89435,-1.31849,0.89795,-0.62268,0.71954,1.34783,1.14826,0.39146,-0.86883,-0.54436
1.0,-0.12296,0.33703,-0.65116,-0.45101,0.51674,2.27185,-0.62383,-0.2665,0.25144,1.41308,-0.52852,0.32741,-0.36391,-0.52501,-0.13088,-1.8228,-0.32084,0.47435,0.25546,0.51053
1.0,0.78784,0.6088,-0.11779,2.19519,-0.76884,0.18204,1.85853,0.00328,-0.19694,-0.43135,-0.05297,-0.02962,-0.5214,0.57554,-0.05931,1.66678,-0.10773,-1.69533,-0.50491,0.11638
2.0,1.33955,2.61773,-2.94856,-1.73487,1.85906,2.07907,1.1938,-2.81251,2.64463,-2.04987,-2.91121,2.62823,-2.70407,2.58102,-2.36338,-0.73089,-2.77541,0.59747,2.7723,2.48885
0.0,-1.64574,0.64938,-0.57478,-1.54099,-1.47237,-0.59387,2.82587,-1.32415,1.06512,-1.15639,-1.01166,0.42633,-1.05963,1.40435,-1.4578,-0.8425,-1.11489,2.48866,1.41745,1.36339
0.0,-0.79796,-0.76018,0.70037,-0.20564,-0.83998,0.27045,-0.68084,1.065,-0.9383,1.51463,1.18163,-0.84948,1.08677,-1.49439,0.74159,1.62762,0.89404,-1.38387,-0.52658,-1.01295
1.0,-0.24921,-0.3875,0.4772,1.78322,-1.13506,-1.21689,0.50096,0.50311,-0.57962,0.19463,0.43118,-0.47204,0.15899,0.32593,0.30758,0.38651,0.4634,-0.14468,-0.5201,-0.65613
0.0,-0.00606,1.52144,-0.9507,-1.26866,2.02357,1.11413,1.41454,-1.27078,1.15849,-1.19338,-1.20885,1.29511,-1.40132,1.16989,-1.49703,-1.15692,-1.16175,2.13101,1.31431,1.37418
1.0,-0.87758,-1.33131,1.06336,1.97204,-1.61139,-1.39233,-0.32474,1.21666,-1.29752,1.18139,1.19424,-0.80108,1.26729,-1.07078,1.41908,-0.09615,1.14653,-1.06973,-1.33359,-1.35494
2.0,-0.65174,0.14404,-0.07489,0.53926,0.00607,0.24618,-1.04026,0.24708,-0.24701,0.38738,0.00654,-0.09116,0.16125,-0.30403,0.24916,0.16756,0.09361,0.02026,-0.14446,-0.18243
0.0,1.94481,0.42449,-0.17145,-1.13236,1.16288,0.67733,0.41743,-0.37371,0.34352,-0.92358,-0.58335,0.47152,-0.31773,1.09968,-0.97777,-0.23806,-0.50125,0.52897,0.65965,0.74253
2.0,0.20254,-1.22325,0.42488,0.50432,-0.27953,-0.08942,-1.38741,0.6848,-0.63161,0.83742,0.73507,-0.32653,0.95268,-1.04071,0.87358,-0.99274,0.65767,-0.85272,-0.74471,-1.03896
0.0,-0.44151,-0.44973,-0.05813,0.30466,-0.59099,0.49551,0.24714,-0.07892,0.1097,0.35527,-0.16853,0.44555,0.21456,0.22923,0.03358,-1.73308,-0.25128,0.51204,0.38188,0.21387
0.0,-0.36314,-0.57817,1.11494,1.14959,-1.04148,-1.1023,-0.3277,0.89672,-0.80142,0.48728,0.84221,-0.93474,0.8344,-0.44035,0.77139,0.9507,0.89674,-0.83868,-0.90184,-0.87501
0.0,1.16794,0.37152,-0.19904,-0.4352,0.7281,0.06299,0.42841,-0.52029,0.53434,-0.50053,-0.32686,0.58884,-0.46037,-0.28195,-0.26452,0.01215,-0.35182,-0.18328,0.32522,0.83465
1.0,0.36635,0.69276,-0.90024,0.38503,-0.14345,-0.16371,0.53548,-0.63402,0.64283,-0.3542,-0.46026,0.99921,-0.71046,0.50002,-0.32007,-1.22997,-0.57212,-0.29372,0.38916,0.44641
0.0,0.41634,0.46783,-0.91113,-1.37413,0.25971,1.10812,0.3634,-1.19902,0.99021,-1.48797,-0.81179,1.16159,-0.53924,1.15388,-1.29521,0.59349,-1.15952,1.73087,0.95311,1.25502
2.0,-0.48702,-0.23469,-0.23052,0.20511,-0.21695,-1.05731,-0.19517,-0.26192,0.13775,0.132,-0.21269,0.23266,-0.2243,-0.31917,0.14973,-1.63551,-0.12493,-1.23891,0.00805,0.20366
2.0,-0.63282,0.82903,0.04691,-0.35139,-0.63884,-0.89287,0.3968,-0.26948,0.19912,-0.41239,0.0513,0.6515,-0.3848,-0.01173,-0.09754,1.50063,-0.39344,-0.52802,-0.1176,0.1597
0.0,-0.75215,0.10186,0.1878,-0.43132,0.5943,-0.62574,1.10656,-0.15564,0.23327,-1.2629,0.0921,0.15532,0.04002,0.41032,-0.28835,1.48541,0.05572,1.93395,0.29835,0.38959
2.0,-0.78357,-0.20932,0.29564,-0.11027,-0.37357,0.3829,-0.63163,0.22505,-0.23368,0.70853,0.28727,-0.03128,0.4578,-0.44253,0.34675,1.12196,0.46912,0.50978,-0.3911,-0.19627
2.0,-0.00733,-0.75164,-0.19837,-0.59159,0.4546,-0.42324,0.03727,0.10742,0.12738,-0.087,-0.07305,-0.32902,-0.02865,0.0112,-0.22286,-1.23121,-0.0811,0.19662,0.05867,-0.40477
1.0,0.0408,0.25226,-0.23322,0.4446,-0.24413,-0.01404,0.53274,-0.03035,-0.06715,-0.06837,-0.06231,0.21646,-0.12559,0.70039,-0.15229,-0.86444,-0.20586,-0.63556,0.06671,-0.10111
2.0,0.91402,0.88851,-0.53681,-0.22916,1.63484,0.81785,0.5266,-0.7054,0.90958,-1.19979,-0.55419,0.65509,-0.80502,0.83018,-0.69363,0.23362,-0.60893,1.11768,0.81415,0.66214
1.0,0.46,0.25222,-0.01679,0.9126,-0.24508,-0.47333,0.70978,0.09158,-0.26516,0.22604,-0.13261,-0.12177,-0.04118,0.23411,-0.06787,-0.83684,-0.07846,-0.87614,-0.21493,-0.21042
1.0,1.79782,0.46702,-2.30162,-0.98931,0.57739,1.38352,0.86978,-1.93877,1.96712,-0.4619,-1.72834,1.94472,-1.06358,1.22395,-1.66466,-1.66422,-2.05275,-0.41476,1.83283,1.81785
1.0,0.21219,0.31739,0.07017,0.72374,-0.57895,0.12693,-0.21373,-0.19083,-0.03876,-0.11909,-0.00924,0.26993,0.01476,-0.08436,0.011,0.63427,-0.05121,-0.63108,-0.03371,-0.11445
2.0,-0.73777,-1.57372,1.95712,1.83279,-2.10565,-1.13993,-1.34508,1.76879,-1.82966,1.54473,1.75896,-1.48017,1.77837,-1.84669,1.88857,0.69084,1.76918,-1.74581,-1.85485,-1.92661
1.0,0.04547,-0.21148,-0.27812,-0.28268,0.05308,1.09545,-1.20738,0.12165,0.02231,1.42653,-0.15753,-0.10978,0.20703,-0.69738,0.43614,-1.03424,0.16749,-0.255,-0.13768,-0.02265
0.0,0.15018,0.62427,-0.07901,-0.55541,1.35186,0.33232,1.29388,-0.42287,0.21959,-1.19548,-0.35678,0.48126,-0.58237,0.45766,-0.93732,-0.66261,-0.19168,1.42516,0.5466,0.50251
2.0,-0.31822,-0.37332,-0.08281,0.01494,0.34965,0.01718,-0.42739,0.23966,-0.21117,0.67067,0.25736,-0.02617,0.10994,-0.82903,0.86906,0.20717,-0.10896,-0.45348,-0.42545,-0.39126
1.0,0.7085,1.68087,-1.36626,-0.23489,-0.1242,1.17177,1.10829,-1.37717,1.23633,-0.97153,-1.36517,0.92555,-1.23591,1.51724,-1.06203,0.89621,-1.36507,0.20554,0.92174,1.10048
1.0,2.1825,2.30966,-3.10587,-2.61312,3.58859,2.84034,1.48695,-2.78866,3.01199,-1.51893,-3.0887,2.81822,-2.52682,2.37403,-2.6442,-4.46374,-2.92472,0.14488,2.95005,2.51179
0.0,0.06031,0.33332,-0.7257,-1.01324,1.24595,1.22192,-0.37507,-0.54547,0.41912,-0.00414,-0.56337,0.57947,-0.42693,0.14396,-0.44656,-1.25566,-0.54317,-0.02406,0.52078,0.44265
1.0,0.75464,-0.41668,0.60938,1.29912,-0.88157,-1.47287,0.37784,0.66975,-0.70751,0.05141,0.54199,-0.36255,0.42994,-0.30486,0.38415,0.66492,0.56606,-1.04168,-0.68319,-0.81497
1.0,0.43759,0.14905,-0.1232,0.94985,-0.30741,-0.41368,0.19381,-0.13233,-0.03718,-0.00256,0.14566,-0.32987,-0.18017,0.80741,0.28965,0.7585,-0.22735,-0.72583,-0.10887,-0.11103
0.0,-0.34069,0.74673,0.07465,-0.23968,1.07065,0.10394,0.68774,-0.27503,0.25467,-0.89822,-0.24002,0.05607,-0.41984,0.7392,-0.34375,0.63619,-0.21025,1.12349,0.31022,0.37037
2.0,-0.13774,-0.30538,0.39106,0.53571,0.13815,0.51768,-0.56672,0.14568,-0.009,0.33468,0.08721,-0.11229,-0.09477,-0.35487,0.45601,0.5234,0.02903,-0.58451,-0.22398,-0.22938
1.0,0.42343,1.07446,-0.86326,0.28495,0.25644,-1.25277,1.20072,-0.88136,0.69308,-0.71218,-0.9687,1.15542,-1.12016,0.6852,-0.70338,-0.61897,-1.00965,-0.84157,0.82833,0.81569
2.0,1.0299,1.34181,-2.0149,-1.52223,0.88014,1.18062,0.54586,-1.87883,1.88495,-0.57171,-1.75922,1.52777,-1.85021,1.36261,-1.43654,-0.03391,-1.92162,0.90666,1.80539,1.70488
0.0,-0.84107,1.30628,-0.90642,-2.04631,-0.69308,0.25686,1.91858,-1.63178,1.54692,-1.53447,-1.58879,0.74919,-1.49059,1.60823,-1.62276,-1.87863,-1.4925,1.88428,1.80381,1.61545
1.0,-0.40023,-0.42898,0.01551,0.0283,-0.01762,-0.06776,-0.77824,0.20529,-0.29621,0.58848,0.39917,-0.3858,0.58899,-0.85809,0.57402,-0.58998,0.40092,-0.32086,-0.37471,-0.41598
2.0,-0.02293,-0.28052,0.3369,0.71791,-0.30303,-0.51869,-0.01892,0.31994,-0.29524,0.15081,0.46046,-0.54137,0.1996,-0.07021,0.31909,0.88887,0.22437,-0.80627,-0.38492,-0.35035
1.0,-0.45043,-0.60019,0.99781,1.48614,-0.81592,-1.5924,-0.19465,1.01721,-0.98647,0.62431,0.90543,-0.80933,0.80361,-0.40479,0.81089,-0.82045,0.84756,-1.3526,-1.05505,-1.03442
2.0,0.52297,-0.01898,0.28522,0.70979,-0.51697,0.32145,-0.21252,0.28253,-0.37826,0.22068,0.38498,-0.36774,0.38234,-0.06644,0.30198,-0.27766,0.2924,-0.33529,-0.24747,-0.40296
1.0,-1.02808,-1.8726,1.73229,2.17463,-2.19138,-2.48666,-1.36531,2.0718,-1.8886,1.74481,2.07278,-1.54543,1.71778,-1.51646,1.97543,1.06482,1.89034,-2.26896,-2.02041,-2.06464
0.0,-1.41052,0.75828,0.10183,-0.83792,-0.28312,-0.3951,2.46486,-0.66779,0.4792,-1.36352,-0.45249,-0.23373,-0.52061,1.34575,-0.90973,0.71332,-0.49274,2.6296,0.79622,0.81388
1.0,-0.59979,-2.15075,1.60965,1.44893,-1.32887,-0.77342,-1.7743,1.74688,-1.93068,2.29899,1.76302,-2.05172,2.04828,-1.80922,2.01919,1.82483,1.85099,-0.26769,-2.01913,-2.01751
2.0,0.66578,0.02399,-0.79247,0.18518,-0.14912,1.28698,-1.15983,-0.28061,0.17382,-0.0154,-0.49288,0.88561,-0.24208,0.10108,-0.03379,0.67979,-0.40722,-0.78782,0.45853,0.27432
0.0,-0.79193,0.79163,-0.14331,-1.33606,-0.78404,-0.29073,1.51888,-0.70634,0.7267,-1.04267,-0.71218,0.22742,-0.62115,0.7854,-0.73778,-1.08973,-0.64784,1.78155,0.89022,0.74993
0.0,-0.12254,-0.1976,1.10689,0.50505,0.60428,0.07031,0.08534,0.51822,-0.6193,-0.69436,0.69449,-0.76867,0.28996,-0.74416,0.10238,0.22831,0.66473,0.86093,-0.34488,-0.42026
1.0,-0.77744,-1.19693,0.86327,1.41895,-1.22518,-0.85146,-0.72239,1.0874,-1.05067,0.98146,1.21669,-0.99397,1.12745,-1.03991,1.32642,0.90241,1.14459,-0.98159,-1.09634,-1.21314
0.0,-0.01647,0.6357,-0.1815,-0.78314,0.39897,0.1688,0.68415,-0.54413,0.4635,-0.79395,-0.35323,0.27507,-0.39857,0.25721,-0.59775,-1.20813,-0.33436,0.98812,0.45006,0.43545
0.0,-0.21544,-0.5746,-0.31362,-0.65486,0.3386,0.90508,-1.05437,-0.17888,0.1002,0.23335,-0.02118,0.48027,0.14398,-0.71389,0.03142,-0.5134,-0.22687,-0.35661,0.05415,0.12041
1.0,0.66681,0.51029,-0.23451,1.00136,-0.14303,-0.16592,0.99926,-0.14192,0.29053,-0.4398,-0.10433,0.36935,-0.34027,0.53699,-0.08949,0.13216,-0.13498,-1.36141,-0.01712,0.10263
0.0,-0.02044,-0.39716,-0.21351,-0.1412,-0.53222,0.44379,0.07381,0.12526,-0.00105,0.20343,-0.22054,0.24387,0.11002,0.69209,0.04929,-0.28859,-0.17402,0.43085,0.04868,0.04076
2.0,0.18917,1.12572,-1.03076,-1.12341,1.41232,0.42338,0.50591,-1.26185,1.38398,-0.77603,-0.85461,1.12518,-0.7301,0.14127,-0.7436,-0.61818,-1.09064,-0.17968,1.02716,1.03031
0.0,-0.66943,1.12233,-0.60543,-0.7882,1.43817,1.20261,1.33455,-0.63923,0.52197,-0.47773,-0.92003,0.68345,-1.13998,0.40753,-1.05836,-0.94371,-0.73459,1.79307,0.76776,0.70997
0.0,0.95245,1.01559,-0.90693,-0.07661,0.9545,1.97976,1.27346,-0.72875,0.61444,-0.6164,-0.68714,0.91092,-1.10339,0.58026,-1.18381,-0.25083,-0.63444,1.13265,0.71868,0.85203
2.0,0.20499,-0.4124,0.68096,0.49532,-0.62042,0.07195,-0.75421,0.40304,-0.47617,0.49088,0.62111,-0.32236,0.62228,-0.98349,0.63693,0.93207,0.58524,-0.45858,-0.5855,-0.50112
0.0,-0.65597,0.62429,0.35513,-0.25301,1.19315,0.04488,0.6084,-0.15202,0.28236,-1.15581,0.03072,-0.33326,-0.38722,0.27079,-0.51188,1.00479,0.03594,1.35962,0.17744,0.45124
0.0,2.16547,1.1369,-1.13518,-1.49853,1.35475,1.76774,0.37984,-1.27137,1.29862,-1.31703,-1.11155,1.62418,-1.42212,1.78422,-1.50065,-1.4736,-1.28969,1.4959,1.33565,1.49795
1.0,0.34495,0.12915,-0.42315,0.35375,0.19582,0.09035,-0.0575,-0.18769,0.23727,0.17643,-0.24282,0.35781,-0.3765,-0.14175,-0.02025,0.13693,-0.32277,-0.7183,0.19568,0.15501
0.0,0.39835,1.41047,-0.84983,-1.14847,0.59735,-0.14264,0.61241,-0.85126,0.92639,-0.91298,-1.02478,0.7908,-0.78864,0.47786,-0.75808,-0.66208,-0.77905,0.28421,0.96859,0.77292
2.0,-0.21709,-1.08099,1.58469,0.99713,-1.44765,-0.42794,-0.98498,1.08208,-1.20563,0.97294,1.44947,-1.1336,1.32632,-1.25764,1.42742,1.85449,1.29991,-1.12772,-1.26169,-1.34554
0.0,1.08365,1.60405,-1.41487,-1.77294,1.57039,1.9067,0.66719,-1.80823,1.6168,-1.49667,-1.79758,1.79503,-1.29194,1.45508,-1.51831,-1.18306,-1.82351,0.15181,1.51871,1.72107
0.0,0.98119,0.66638,-0.97619,-0.61156,0.23828,1.47459,0.71606,-0.86138,0.8051,-0.36906,-0.86653,0.82356,-0.82912,0.37169,-0.3924,0.73107,-0.76222,0.2446,0.54541,0.84493
1.0,0.40045,0.30998,-0.40748,0.4884,-0.69849,-0.45863,1.6949,-0.62231,0.52063,-0.2947,-0.59263,0.23241,-0.65189,0.50692,-0.71548,0.40213,-0.67842,0.16709,0.58409,0.37983
0.0,0.17984,-1.39579,1.12596,0.10467,-0.38868,-0.76694,-0.97288,1.17004,-1.16943,0.38085,1.28373,-0.34533,1.09713,-1.23981,0.98258,0.44568,1.01207,-1.16657,-0.92994,-1.25785
0.0,-1.18204,0.68116,0.07836,-0.39969,0.10821,0.21803,0.4682,0.06535,0.15748,-0.83874,-0.2659,-0.80499,-0.05024,0.45818,-0.04156,-0.0748,-0.08079,0.15572,-0.0295,-0.07169
0.0,-0.97464,-0.11507,0.32417,-0.33714,-0.85452,0.45201,-0.00942,0.52878,-0.2883,-0.26482,0.17419,-0.86546,0.69926,0.09619,0.48002,0.18909,0.19664,-0.97572,-0.5806,-0.5136
1.0,1.95914,0.85531,-1.28738,-0.19397,1.54841,-0.31625,1.03315,-1.32514,1.35028,-1.57572,-1.17654,0.7998,-1.04301,1.44987,-0.97052,0.86573,-1.18618,0.57616,1.20313,0.99571
0.0,0.0579,0.39163,0.10721,-0.59339,0.95763,0.87484,-0.01132,-0.27541,0.24098,-0.30201,-0.06646,0.35186,-0.49061,0.27743,-0.45872,0.34792,-0.25066,0.94968,0.3871,0.46949
0.0,0.50873,0.39563,0.06729,-0.29365,0.89788,0.03924,0.3286,-0.26684,0.35464,-0.83107,-0.14825,0.05569,-0.27672,0.68502,-0.52208,0.58751,-0.14019,1.23538,0.26036,0.33324
2.0,-0.841,0.37305,-0.80818,-1.26802,0.27592,1.66009,-0.32287,-0.7826,0.92874,0.00543,-0.76083,1.18549,-0.97532,0.94518,-0.42948,-1.20729,-0.82028,-0.82927,0.43363,0.75246
0.0,0.73429,0.24565,-1.02503,-1.41703,-0.23569,1.22609,1.89459,-1.02721,0.98824,-0.71303,-1.11777,0.9544,-0.82324,2.04187,-1.33359,0.05683,-1.21412,2.53897,1.31519,1.04943
0.0,-0.21238,0.17663,0.27009,-0.18056,0.88208,-0.13283,0.26909,0.04345,0.03792,-0.5599,0.07514,-0.07977,-0.06551,0.04495,-0.22034,-0.54254,0.16413,-0.03495,0.11168,0.13506
0.0,0.10402,0.6089,0.11562,-1.30396,0.84966,0.10097,0.83848,-0.64485,0.56356,-1.16063,-0.42365,0.53428,-0.66379,0.59802,-0.84956,-0.20567,-0.48754,1.49779,0.87221,0.91223
2.0,-3.18834,-3.41735,3.28295,2.64154,-3.01148,-3.18633,-3.47519,3.81097,-3.4717,3.8085,3.65572,-3.28138,3.97999,-3.65235,3.93556,1.76376,3.73363,-2.82994,-3.66503,-3.51087
1.0,0.12853,0.13898,0.37009,1.10592,-0.78565,-0.48138,0.76723,0.22358,-0.40492,0.14645,0.24407,-0.41275,0.14689,-0.11424,0.14477,-0.01797,0.24068,-0.81076,-0.40104,-0.23854
0.0,0.14864,0.82201,-0.20009,-0.4369,1.29118,-0.20547,0.86816,-0.58696,0.74593,-1.18586,-0.42971,0.60568,-0.52895,0.45099,-0.66123,-0.05837,-0.44998,1.36897,0.59153,0.79295
0.0,-0.61488,-0.13723,1.00139,1.04172,-0.95546,-1.53368,1.96306,0.4612,-0.66513,-0.80169,0.53298,-0.31407,0.14324,0.16699,-0.0969,1.08872,0.56284,0.36976,-0.49452,-0.40696
0.0,-0.16901,1.17058,-1.0632,-1.5402,1.69556,1.18208,-0.20817,-1.01957,1.26925,-0.90109,-1.06635,1.07958,-1.23796,0.45401,-0.96751,-0.49582,-1.07127,0.3381,1.06245,1.20134
1.0,-0.93501,0.38582,-0.53602,-0.36775,-0.18409,0.11126,-0.61046,-0.46609,0.3551,0.38137,-0.3583,0.20074,-0.26413,0.00917,0.09948,0.91739,-0.30791,0.08195,0.45854,0.28324
0.0,-0.03929,0.92044,-0.54539,-1.22689,0.22123,0.42174,-0.13495,-0.39808,0.70675,-0.20834,-0.51748,0.28608,-0.3004,0.50407,-0.32509,-0.26878,-0.33448,0.18361,0.66493,0.21409
0.0,-0.87594,0.46331,0.0613,-0.64418,0.66541,-0.14254,1.62206,-0.39778,0.45091,-1.03678,-0.1618,0.35315,-0.36705,0.2814,-0.63432,0.61932,-0.08902,1.51573,0.41758,0.61737
0.0,-0.74857,0.15842,0.3368,-0.54877,-0.12568,-0.7469,0.76102,-0.07056,0.04293,-0.65474,-0.09821,-0.20742,-0.1688,0.42954,-0.405,-0.17757,-0.0259,1.00212,0.19196,0.30604
2.0,0.68532,0.71316,-0.36196,-0.33901,0.85114,0.27931,-0.18939,-0.30623,0.32004,-0.33613,-0.43021,0.27812,-0.50554,0.42923,-0.43144,0.75478,-0.33124,1.21273,0.4358,0.30428
0.0,0.5734,0.55968,0.05159,0.4255,0.04201,-0.59696,1.50802,-0.22372,0.02515,-0.98842,0.112,-0.10857,-0.41054,0.9609,-0.6751,0.0995,-0.05034,0.82578,0.21266,0.17505
2.0,-1.49355,-1.22298,1.23713,0.71666,-1.44529,-0.96894,-1.12911,1.29859,-1.19127,1.65793,1.33336,-1.54182,1.27425,-1.65823,1.56776,0.53438,1.19213,-0.90353,-1.12961,-1.192
2.0,0.76754,0.18116,-0.43621,0.29679,-0.06852,0.42362,-0.23302,-0.22902,0.0475,-0.11968,-0.12664,0.36719,-0.39552,0.51743,-0.10153,0.90728,-0.26358,-0.65413,0.32682,0.10606
0.0,-0.57279,-0.52037,0.72001,0.30672,0.28477,-0.74372,-0.71977,0.6357,-0.73949,0.02659,0.73144,-1.18346,0.3355,-0.41365,0.58117,0.16952,0.76541,-0.03442,-0.51148,-0.7728
2.0,-0.99901,-0.40514,0.18768,0.22801,-0.31262,0.00496,-1.22,0.58498,-0.24629,1.05204,0.37862,-0.31374,0.54438,-0.35363,0.86147,0.29257,0.46792,-0.74514,-0.54392,-0.47841
0.0,1.42045,0.10167,-1.09447,-0.95788,0.78033,0.71801,-0.04763,-0.81698,0.87571,-0.41615,-0.90319,0.52565,-0.84807,1.35995,-0.77863,-0.43605,-0.93576,-0.52354,0.71904,0.80525
0.0,-1.4,0.14141,0.16238,-0.4746,-0.54628,0.49717,-0.57987,0.08339,0.00579,0.60461,-0.12632,-0.19547,0.02512,-0.1028,0.43405,-1.06756,-0.02658,-0.29798,-0.14413,0.21641
1.0,1.95061,1.74375,-1.88113,-1.06985,0.66929,1.36771,0.41988,-1.30419,1.87475,-1.01463,-1.68356,1.13015,-1.70899,1.34223,-1.48328,-2.24527,-1.52598,-0.47903,1.36377,1.54128
0.0,-1.6738,-0.91735,0.75307,-0.02478,-1.35425,-0.28666,-0.79868,0.87634,-0.71695,-0.11991,0.66731,-1.04515,1.03842,-0.13799,0.84472,1.5652,0.77678,-1.81477,-0.98919,-0.86093
1.0,0.2404,0.32936,-0.17226,1.0746,-0.55702,-0.98541,1.12787,-0.13051,-0.06376,-0.11667,-0.34081,0.08721,-0.46884,0.62477,-0.20894,0.22061,-0.21432,-1.14904,-0.09532,0.16277
2.0,-0.09968,-0.09282,0.03485,-0.12091,0.24471,-0.30539,-0.92184,0.12982,-0.10069,-0.07064,0.12584,-0.2885,-0.07927,-0.43829,-0.00115,0.46109,0.21342,-0.17534,-0.06197,-0.03182
2.0,2.19049,1.6572,-2.23834,-0.89355,1.95113,2.07063,2.00607,-2.17786,1.8683,-1.32425,-2.06561,1.826,-2.05351,1.34816,-1.91117,-0.45918,-2.12738,0.83359,2.0071,1.77565
2.0,-0.87566,-1.34214,0.92188,0.22658,-1.03864,-0.67295,-1.68702,0.99726,-1.25529,1.36722,0.96958,-1.29005,1.54492,-1.03888,1.48938,-0.25005,1.07834,-1.00042,-1.16023,-1.34394
2.0,-0.86058,-0.51217,-0.36047,0.15043,-0.11381,-0.82575,-0.58267,0.26456,-0.23058,0.9901,0.29342,-0.6465,0.13669,-0.41467,0.40646,-0.95111,0.2638,-0.34051,-0.22287,-0.1478
1.0,0.04326,-0.54817,0.27887,0.86497,-0.56746,-1.02334,-0.37776,0.34022,-0.60327,0.48573,0.55916,-0.35964,0.23341,-0.63938,0.40877,0.01434,0.45407,-0.67009,-0.5339,-0.66905
1.0,0.13587,-0.80712,1.00558,0.17472,-1.37803,-1.90457,-0.25945,1.08437,-0.94176,0.35683,1.3011,-1.02101,0.79789,-1.63601,0.82976,2.46113,0.96589,-1.09783,-0.87813,-1.2955
0.0,-0.05445,0.32572,-0.07905,-0.54037,0.50596,-0.4479,0.04272,-0.13952,0.21745,-0.23452,-0.28098,0.3287,-0.05071,0.12529,0.04659,0.05271,-0.07904,0.12951,0.40897,0.2075
1.0,-1.24675,-1.30427,1.11464,0.34861,-1.34448,0.02823,-1.29778,1.23287,-0.93359,1.53444,0.94596,-1.01781,0.96617,-1.15817,1.25132,-0.15112,0.88627,-0.32429,-0.98369,-1.12315
1.0,0.36635,0.69276,-0.90024,0.38503,-0.14345,-0.16371,0.53548,-0.63402,0.64283,-0.3542,-0.46026,0.99921,-0.71046,0.50002,-0.32007,-1.22997,-0.57212,-0.29372,0.38916,0.44641
2.0,0.36208,0.38753,-1.01636,-0.51088,0.59656,1.73075,0.16577,-1.15819,1.02702,-0.59619,-0.77417,0.78008,-0.82177,0.93068,-0.64303,1.84561,-0.81687,-0.60413,1.07902,0.78884
0.0,-0.40592,0.89052,0.11091,0.21633,0.05506,-1.36387,1.48329,-0.34463,0.30191,-1.33259,-0.22968,0.11601,-0.58555,1.14352,-0.75464,0.59359,-0.22777,0.76667,0.25148,0.34618
0.0,-0.60332,-0.49075,-0.20531,-0.08369,-0.47613,-0.19451,-0.51426,-0.05571,0.15547,0.46869,-0.19159,0.73949,0.17866,-0.30823,0.10926,-1.33082,-0.21092,0.19356,0.278,0.21843
0.0,0.58711,0.92709,-0.86164,-0.36836,1.25738,1.02917,-0.20046,-0.65611,0.87264,-0.74109,-0.69858,0.82291,-0.69577,0.80457,-0.65097,-0.14659,-0.5481,0.71814,0.69104,0.99161
2.0,-0.68162,-1.51219,0.33052,0.07529,-0.23183,-1.24331,-1.26514,0.71657,-0.49704,0.79814,0.57167,-0.63275,0.61106,-0.77234,0.5876,1.47962,0.71424,-0.24349,-0.61482,-0.87958
0.0,1.53149,1.2826,-0.91269,-1.17157,1.48939,1.58778,1.9899,-1.22144,1.26631,-1.2541,-1.4037,1.2281,-1.59905,1.54455,-1.3047,-1.17899,-1.25066,1.44646,1.51906,1.5841
2.0,-0.92647,-1.00855,0.98639,0.89735,-0.82892,-1.34507,-1.40178,1.16014,-1.19312,1.31513,0.98362,-1.22446,1.14155,-1.33194,1.38951,-0.22745,1.16897,-0.97957,-1.25429,-1.13405
0.0,1.77149,2.71822,-3.00076,-2.13581,1.56334,2.04617,0.9128,-2.87963,2.78758,-1.96808,-2.90667,2.73882,-2.41936,2.24741,-2.50389,-3.50687,-3.0846,0.95733,2.85557,2.78492
0.0,1.81399,0.56795,-0.15635,-0.62811,1.15317,0.23171,-0.36735,-0.17404,0.51982,-0.26202,-0.27965,0.79497,-0.23299,0.21944,-0.18903,-0.95973,-0.3288,0.23107,0.47893,0.52038
1.0,-1.13027,-1.13785,0.79564,0.97567,-0.5784,-0.47162,-1.38287,0.95007,-1.01203,0.94356,1.14692,-0.94231,0.96265,-1.14581,1.10013,1.57566,1.22725,0.03157,-0.82879,-0.87316
1.0,0.6625,0.01448,0.37952,1.75831,-0.92924,-0.7577,1.10296,0.48629,-0.47019,-0.27572,0.32951,-0.31361,0.12335,0.19272,0.12229,1.12783,0.47044,-1.12984,-0.63552,-0.36675
0.0,1.46198,1.66334,-1.5329,-1.30701,1.68498,1.87542,1.60224,-1.96259,1.58966,-2.24172,-1.34167,2.31382,-1.82139,1.67506,-2.1303,-1.78573,-1.53298,1.36207,1.68939,1.61204
0.0,0.48956,0.1984,0.15297,0.39652,0.69528,0.69118,0.2589,-0.1407,0.04159,-0.53593,0.19727,0.42966,-0.09064,-0.05032,-0.26878,-0.36555,0.27452,0.77103,0.05787,0.29174
1.0,-0.4134,-0.38342,0.88117,1.38491,-1.2886,-0.68351,-1.33033,0.86815,-1.04328,1.00013,0.50542,-0.27187,0.69647,-0.79043,0.89147,-0.49251,0.81566,-1.07622,-0.93563,-0.82728
1.0,0.28682,-0.07149,0.14173,0.98701,-0.59838,-0.46907,0.08593,0.49758,-0.57311,0.05748,0.26844,-0.00606,0.08001,0.10126,0.33945,0.46525,0.27327,-0.92408,-0.36357,-0.3703
0.0,-0.89043,0.27662,0.52769,-0.72549,0.40516,-1.30335,0.67408,-0.00542,-0.10499,-0.94688,0.15759,-0.26848,-0.10091,0.68707,-0.39142,0.4081,0.08579,1.76314,0.06151,0.16044
2.0,-2.68535,-2.61504,2.44093,2.21917,-2.6245,-2.09489,-2.70375,2.97973,-3.07206,2.98021,3.16061,-2.40878,3.27498,-2.73827,3.44926,1.48062,3.12724,-2.39233,-2.81451,-2.89473
1.0,0.05521,-0.69403,0.61453,0.41116,-0.00553,0.17863,-0.62494,0.66711,-0.59513,0.57313,0.60394,-0.50944,0.74841,-1.09574,0.63052,0.16713,0.57787,-0.27184,-0.61294,-0.69092
1.0,0.36976,0.38808,-0.1797,0.17185,-0.24615,-0.74528,0.78211,-0.23237,0.19977,-0.68138,-0.23729,0.35879,-0.62714,1.17138,-0.30482,-0.70802,-0.46812,-0.99306,0.20566,0.13618
1.0,-0.89634,-0.29381,-0.04322,0.16894,0.1351,0.29491,-0.99904,0.2303,-0.04991,1.24419,0.17788,-0.33501,0.2068,-0.69875,0.38731,-0.88948,0.11608,-0.31992,-0.27646,-0.09655
0.0,1.32169,0.81372,-0.76103,-1.23525,0.82227,1.12117,0.46148,-0.90208,0.9989,-0.71752,-0.84097,1.1352,-1.05317,1.25737,-1.39016,-0.30342,-0.94913,0.27351,0.91391,0.74431
0.0,0.21384,0.39758,0.55251,0.13389,0.88652,0.05836,0.54572,0.08379,-0.24458,-1.06395,0.02526,-0.04605,-0.01254,-0.33193,-0.16081,-0.19464,0.23387,0.59272,0.16649,-0.01654
0.0,-0.71087,0.28412,0.29952,0.08398,0.04692,-0.63181,0.72257,0.0629,-0.02599,-0.35865,0.07966,-0.07765,-0.26293,0.50583,-0.30053,0.19393,0.02817,0.68479,-0.00665,0.00185
0.0,-1.5664,-1.81161,1.64107,1.0587,-1.11936,-0.66413,-3.14077,1.65545,-1.92395,2.49293,1.49251,-1.85455,2.00499,-1.96149,2.22992,-0.32554,1.99684,-0.40235,-2.01785,-1.86157
1.0,-1.13027,-1.13785,0.79564,0.97567,-0.5784,-0.47162,-1.38287,0.95007,-1.01203,0.94356,1.14692,-0.94231,0.96265,-1.14581,1.10013,1.57566,1.22725,0.03157,-0.82879,-0.87316
0.0,0.44158,1.25731,-0.35467,-0.88965,1.20895,0.49676,1.02564,-0.8043,0.64827,-1.24663,-0.50249,0.4182,-0.74734,0.83292,-0.88703,-2.01288,-0.86003,1.26475,0.98729,0.85529
0.0,-0.26595,-0.57128,0.23196,0.20817,-0.7577,0.32588,0.22982,0.13978,0.02821,0.60214,0.11642,0.27887,0.55086,-0.31795,0.22982,-1.09913,-0.09203,0.63687,0.14112,0.02637
1.0,-1.0275,0.06822,-0.17239,0.8514,-0.54842,-0.16256,0.80992,0.27,-0.39934,0.53497,0.07923,-0.2078,0.07888,-0.01078,-0.11768,-1.09663,-0.03169,-0.27422,-0.33152,-0.43223
0.0,-0.96419,-0.6605,0.56743,0.01273,-0.71588,-1.30118,-1.32686,0.6954,-0.56732,0.68923,0.61597,-0.43291,0.45651,-1.17495,0.7748,-0.44941,0.54121,-0.99182,-0.44581,-0.37664
1.0,-0.87427,-1.07948,0.86455,0.58402,-0.9437,0.50165,-1.71702,0.89109,-1.0085,1.29361,0.77431,-0.77564,1.22987,-1.30751,1.07393,0.79345,1.02712,-0.63357,-1.04739,-0.87377
0.0,-0.27643,0.73168,-0.1605,-0.42109,0.86704,0.44627,1.13384,-0.51386,0.52984,-1.01018,-0.36207,0.30325,-0.57433,0.74971,-0.66234,0.22512,-0.31757,1.43273,0.50559,0.78747
0.0,-0.52944,0.46705,0.14761,-0.27499,1.24921,0.50566,0.73184,-0.09647,0.05477,-0.44636,-0.21284,0.10564,-0.40168,0.22235,-0.44828,-0.40476,-0.04002,1.39232,0.27823,0.34208
1.0,1.75101,1.09224,-1.4173,0.21523,0.56136,0.65377,1.48384,-1.14964,1.23742,-0.95475,-1.33624,1.48529,-1.25563,1.03281,-1.13744,-0.35382,-1.31667,-0.81135,1.00817,0.93393
0.0,-0.20657,-0.08794,1.07814,0.50632,0.55909,0.07716,-0.72434,0.50967,-0.4949,0.05845,0.73125,-0.59838,0.33959,-0.55957,0.26303,0.73628,0.81695,0.45413,-0.43534,-0.204
1.0,-0.12834,-0.99502,1.56159,2.41897,-1.42668,-1.6008,0.07789,1.20217,-1.46285,0.47871,1.28651,-1.28322,1.33558,-0.91251,1.10615,1.91679,1.27072,-1.2731,-1.50651,-1.57257
0.0,0.98119,0.66638,-0.97619,-0.61156,0.23828,1.47459,0.71606,-0.86138,0.8051,-0.36906,-0.86653,0.82356,-0.82912,0.37169,-0.3924,0.73107,-0.76222,0.2446,0.54541,0.84493
2.0,-1.4743,-1.40976,0.79845,0.80161,-0.56739,-0.97509,-1.7991,1.20828,-1.07028,1.60955,0.96807,-1.08708,1.36648,-1.21523,1.57247,0.08845,1.0573,-1.45061,-1.19307,-1.23786
2.0,0.31036,-0.02041,-0.2309,-0.67516,0.22807,0.60411,-0.20113,-0.24523,0.26243,0.37236,0.0003,-0.32675,-0.21728,-0.6607,0.06384,-1.12459,-0.02411,-1.03718,0.21678,-0.27274
0.0,0.30595,0.51409,-0.06962,-0.80047,1.38551,0.72634,1.19442,-0.47226,0.26363,-0.8132,-0.17232,0.43192,-0.59524,-0.10657,-0.87191,-1.04816,-0.1989,1.52109,0.56021,0.3826
0.0,0.52003,0.82876,-0.78716,-1.43214,0.37676,-0.43254,-0.03411,-0.67329,0.83386,-0.74377,-0.88993,0.68963,-0.65197,-0.00383,-0.76339,-2.17141,-0.81843,0.2124,0.82378,0.46012
0.0,2.11197,1.36081,-1.42479,-1.79894,1.08697,0.59437,0.227,-1.40859,1.69902,-1.20184,-1.71392,0.95292,-1.29942,1.792,-1.55628,-2.07557,-1.60385,0.07603,1.35537,1.41989
0.0,-0.68486,-0.89282,1.16434,0.34149,-1.32002,-1.08878,-1.21717,1.29057,-1.29417,0.8899,1.37658,-0.94858,1.17662,-1.90372,1.1841,-0.19636,1.25144,-0.96158,-1.04794,-1.19759
0.0,-1.65836,1.11336,-0.16961,-1.79213,-0.32075,0.03871,1.88116,-0.90601,0.95437,-1.11485,-0.76864,0.53611,-0.97302,0.22743,-0.84416,-0.43122,-0.87769,1.92326,1.09443,1.03254
0.0,-0.98214,0.72606,-1.06302,-2.01828,-0.34,-0.47604,1.845,-1.32912,1.10535,-1.12221,-1.20053,0.84591,-1.06093,0.92489,-1.12388,-2.27027,-1.12279,1.91169,1.46789,1.23064
0.0,-0.23386,-1.6567,1.61789,1.10361,-0.49519,0.11208,-0.67921,1.06531,-1.35685,0.54111,1.31431,-0.95017,1.23222,-1.54087,1.24469,-0.16072,1.11028,-0.2962,-0.9393,-1.01323
0.0,0.55695,0.60503,0.00646,-0.14926,1.76147,0.46112,-0.02035,-0.36742,0.42479,-0.89347,-0.18124,0.21098,-0.43237,0.44355,-0.50052,1.45764,-0.15537,1.64404,0.48434,0.58835
1.0,-0.00326,-0.49165,0.14624,0.99118,-1.04351,0.10846,0.14675,0.44353,-0.51502,0.76711,0.42684,-0.76235,0.4102,-0.05839,0.35526,-0.19984,0.40049,-0.69371,-0.70466,-0.62775
2.0,1.12329,0.51893,-0.92795,-1.29826,0.98764,0.66378,-0.09744,-0.8342,0.81031,-0.12225,-0.97763,0.46546,-0.59181,-0.52676,-0.4878,-0.70478,-0.80705,0.79087,0.85926,0.6639
2.0,-1.72757,-1.97677,1.29311,1.18183,-0.68164,-1.51723,-2.10558,1.91676,-1.63984,2.14578,1.58238,-1.59663,1.85852,-2.3122,1.81579,0.88656,1.71839,-0.74225,-1.86397,-1.5587
0.0,0.99054,0.7826,-0.24037,-0.44805,0.97985,0.47798,0.56732,-0.74027,0.65517,-1.40185,-0.70198,0.95572,-0.64358,0.15197,-0.74928,-0.32114,-0.63109,0.92294,0.82249,0.90128
2.0,-0.52786,0.16937,-0.57816,0.22545,0.07796,-0.99432,-0.27736,-0.14808,0.27197,0.09378,-0.27433,0.61581,-0.12159,0.17515,-0.03233,0.13421,-0.36856,-1.35185,0.16755,0.11293
2.0,0.1444,0.27895,-0.08425,0.50922,0.12498,0.01372,0.1442,-0.2024,-0.01708,-0.27283,-0.16373,0.05894,-0.22256,0.27518,-0.11777,1.0374,-0.11849,-0.09546,0.11056,0.07711
0.0,1.91271,0.2333,-0.02388,0.46057,0.9384,0.13649,0.04239,-0.08151,-0.12996,-0.57354,-0.05239,0.32711,0.05441,-0.65739,-0.224,-0.18574,0.13387,-0.16628,-0.04748,0.05741
0.0,0.64116,0.58727,-0.6199,-0.76714,-0.11441,0.54552,-0.40935,-0.56908,0.64528,0.15136,-0.75251,0.32804,0.05932,0.01162,-0.04995,-1.58556,-0.53043,0.48148,0.36863,0.51454
0.0,-1.51593,-0.1952,0.20333,0.13741,-0.85788,-0.82425,-1.76149,0.94074,-0.4155,1.19127,0.33828,-0.58358,0.76534,-0.95919,1.13232,0.6553,0.76574,-0.72366,-0.58089,-0.35933
2.0,-0.74389,-0.62389,0.79678,0.07104,-0.77,1.24207,-0.61065,0.46954,-0.5179,0.2802,0.76342,0.03429,1.17596,-0.3099,0.50443,0.80636,0.48173,-1.00004,-0.47236,-0.65345
2.0,0.79814,0.07861,0.3751,0.85093,-0.72522,-0.26283,0.60484,0.04346,-0.3373,-0.02796,0.2488,-0.01012,-0.21256,0.1726,0.0318,0.58127,0.11334,-0.05713,-0.13745,-0.08952
2.0,-1.20019,-0.23855,-0.27705,0.16067,0.28428,0.77095,-0.45928,0.34829,-0.03747,0.59149,0.13492,-0.123,-0.00436,-0.07587,0.07267,-0.91634,0.09041,0.25496,-0.05744,-0.2931
2.0,1.37482,0.9182,-1.20153,-0.67212,0.84755,0.07659,0.76514,-1.07069,1.28985,-1.02993,-0.95838,1.70416,-1.13805,1.17493,-0.98974,0.21916,-1.15361,0.16726,1.12154,1.0815
0.0,0.60445,0.63601,0.04546,-0.56003,0.84905,0.47112,0.65307,-0.41365,0.39825,-0.65768,-0.26205,0.78923,-0.51113,0.44697,-0.58569,0.27861,-0.24264,0.3506,0.45277,0.70207
0.0,-1.31387,-1.11576,0.73996,0.22638,-0.992,-0.65886,-0.25099,0.90075,-0.73219,0.73045,0.82628,-1.11402,0.88146,-0.49136,0.9518,0.79272,0.88944,-0.74171,-0.97407,-0.58335
0.0,-0.96093,0.20499,0.24675,-0.41485,0.5426,0.10628,-0.1736,-0.09203,0.05106,-0.22685,0.06438,0.07892,-0.0531,-0.47165,-0.05755,0.16048,0.1728,0.86052,-0.0025,0.04836
2.0,-2.21678,-4.10507,3.15701,2.56871,-2.01771,-2.6604,-3.04861,3.92666,-3.75136,2.96286,4.18982,-3.22797,4.07805,-4.2505,3.62015,0.46213,3.84215,-1.27194,-3.74521,-4.25161
0.0,1.42045,0.10167,-1.09447,-0.95788,0.78033,0.71801,-0.04763,-0.81698,0.87571,-0.41615,-0.90319,0.52565,-0.84807,1.35995,-0.77863,-0.43605,-0.93576,-0.52354,0.71904,0.80525
0.0,-2.21206,-0.06521,0.54163,-0.88471,-1.26507,-1.64315,2.06929,-0.15091,0.12368,-0.95647,0.10295,-0.21838,0.07167,-0.12419,-0.37728,-0.267,-0.05846,1.28825,0.16796,0.25383
2.0,0.91604,-0.63588,0.27823,0.79926,-0.67799,-0.01524,0.10886,0.48008,-0.30875,0.33367,0.31166,-0.30262,0.31371,0.41783,0.17443,0.955,0.28429,-0.1216,-0.30893,-0.48034
2.0,-0.13771,-0.95598,1.45985,1.78795,-1.45864,-1.38166,-0.25562,1.36545,-1.55673,0.70088,1.39917,-0.95512,1.32956,-0.97113,1.18784,0.68492,1.32912,-1.30811,-1.37578,-1.65286
1.0,-0.01835,0.09305,-0.00666,1.21337,-0.28629,-1.16958,0.67425,0.30701,-0.24303,-0.06797,0.28196,-0.17281,-0.02133,0.38322,0.15796,0.7906,0.15833,-0.17865,-0.42927,-0.14172
1.0,0.24826,-0.35445,0.04966,0.86756,-0.65599,0.4379,-0.19117,0.38641,-0.45771,0.2518,0.47163,-0.44608,0.26841,0.09147,0.48944,1.38839,0.35419,-0.70422,-0.37045,-0.2428
0.0,-0.23545,-0.4393,0.79595,0.54056,0.61728,-0.43378,-0.23813,0.76859,-0.59891,0.32993,0.53,-0.54711,0.41177,-0.56649,0.35264,0.49458,0.68118,0.12339,-0.46991,-0.65889
0.0,0.91489,-0.39438,-0.1739,-0.09178,-0.44806,1.54903,0.42631,0.02917,-0.00424,0.00237,-0.22579,0.78381,0.15653,1.06023,-0.30963,-0.26619,-0.22917,1.00413,0.21592,0.02759
2.0,-0.66752,-1.1064,0.95515,0.52478,-1.3352,-0.92636,-1.31476,1.10711,-1.10884,1.30699,1.2027,-0.68766,1.36969,-1.17268,1.5976,1.77039,1.00682,-0.80262,-1.22994,-1.22231
0.0,1.07098,1.32998,-0.49227,-0.60448,0.8325,1.53597,0.35797,-0.7544,0.96311,-0.87559,-0.58327,0.99184,-0.76058,-0.00397,-0.81992,-1.74519,-0.48401,0.68444,0.73729,1.13305
0.0,0.04618,0.3437,0.43783,0.07768,-0.14683,-0.2265,0.288,0.1972,-0.17751,-0.26656,-0.13018,0.11576,0.04701,-0.19739,-0.41528,-0.43011,0.26014,-0.3364,-0.04411,-0.0072
2.0,-0.01608,-0.87688,-0.1045,0.19668,-0.11875,0.0341,-0.59562,0.16196,-0.11097,0.98864,0.27772,-0.43276,0.59276,-0.54754,0.22285,-0.07852,0.15711,-0.12681,-0.27939,-0.23969
1.0,-0.38144,-1.29777,0.74626,0.70773,-0.18298,-0.66226,-0.76239,0.66786,-0.69657,1.0036,1.03007,-0.82127,0.84349,-0.71013,0.79491,1.10039,0.82233,0.58984,-0.55721,-0.79176
1.0,-0.07674,-0.16668,0.2773,0.75057,-0.50846,-0.41629,0.02616,0.26958,-0.25451,0.46438,0.28737,-0.20041,0.21307,0.16562,0.18488,0.22725,0.18589,-0.15713,-0.40229,-0.49563
0.0,0.54321,0.31725,-0.21654,-0.27571,1.06273,0.24042,0.13401,-0.24572,0.33036,-0.39704,-0.43665,0.49394,-0.41382,0.32638,-0.33994,-0.33338,-0.21192,0.4515,0.4691,0.40999
0.0,-1.1013,0.28776,-0.01774,-0.60588,0.55543,-0.50427,0.40769,-0.2955,0.29901,-0.37581,-0.3509,-0.14388,-0.10691,0.6678,-0.14947,0.52059,-0.20484,2.75195,0.42172,0.54558
1.0,0.10973,0.27232,-0.11876,0.73042,-0.10032,0.45872,0.23282,-0.20946,-0.14823,-0.41117,-0.13629,0.06325,-0.20285,0.07152,-0.21855,0.27531,-0.29941,-1.14226,-0.00874,0.05674
0.0,0.61967,0.41934,-0.57557,-0.25055,0.43636,0.75958,0.80618,-0.87599,0.8737,-0.70978,-0.56824,0.64546,-0.70914,0.41196,-0.95635,0.1157,-0.64335,1.20855,0.91162,0.70494
1.0,0.79371,-0.40502,0.59492,1.91517,-1.06231,-1.54374,1.1515,0.6887,-0.85613,-0.23203,0.56822,-0.24972,0.13073,0.27901,0.29179,1.48783,0.49847,-0.79003,-0.73363,-0.90588
0.0,-0.83054,-0.05429,0.25894,-1.25875,-0.76365,0.13666,-0.01007,0.48171,-0.10408,-1.10577,-0.20095,-0.34032,0.05492,-0.40188,-0.00348,-0.29148,0.09191,-0.59608,-0.13126,-0.18803
2.0,0.49059,0.77863,-1.28904,-0.9929,0.23814,1.95559,0.15747,-1.29364,1.12027,-0.29471,-0.94322,1.42297,-1.12487,0.64693,-0.7237,-0.96799,-1.14254,-0.65991,1.07245,1.03055
0.0,2.33073,2.40244,-2.46954,-1.64484,2.17205,1.48048,1.33777,-2.49557,2.43841,-1.98379,-2.63834,2.08999,-2.2079,2.15203,-2.16982,-1.81297,-2.5047,0.68136,2.31283,2.39859
0.0,2.18265,0.69271,-0.3058,-0.64348,1.31664,0.36871,0.42945,-0.58643,0.64211,-1.07202,-0.35827,0.78236,-0.33811,0.12787,-0.50783,0.02848,-0.44725,0.04819,0.60862,0.76388
1.0,0.83593,-0.08542,-0.21133,1.42053,-0.75744,0.89427,0.99695,0.03808,-0.22171,0.28047,0.21366,-0.47779,-0.23362,0.43685,0.18919,1.1543,0.09434,-0.88483,-0.53647,-0.13097
2.0,-2.03318,-2.31911,2.53069,2.789,-3.16879,-1.82325,-0.84808,2.39753,-2.4442,2.09112,2.40348,-2.5493,2.17174,-0.79025,2.32654,1.23725,2.23929,-2.13574,-2.55469,-2.61923
2.0,1.00542,0.34765,-0.8143,-0.2052,0.6082,-0.38082,0.49858,-0.68916,0.87019,-0.83544,-0.5037,0.79509,-0.59313,0.44017,-0.44389,0.54042,-0.66034,0.2365,0.59714,0.59766
0.0,-0.05223,-0.20594,0.71933,-0.62515,-0.01364,-0.44296,0.69171,0.33984,-0.57696,-0.56926,0.30797,-0.00136,0.5995,-0.39447,0.06662,0.56924,0.30658,0.35298,-0.22801,-0.34596
1.0,-1.65975,-1.48701,1.49223,0.97962,-1.03656,-1.42712,-1.80728,1.56045,-1.59428,2.2654,1.55047,-2.11524,1.58181,-1.22084,1.60016,0.90876,1.40367,-0.00662,-1.36401,-1.2971
2.0,-0.53746,-1.04761,0.68268,1.18788,-1.21783,-0.98971,-1.12861,1.0961,-1.05959,0.96116,0.8384,-0.92007,1.06423,-0.70834,0.92612,-0.30874,0.98379,-1.37244,-1.01413,-1.27069
0.0,1.90964,0.1413,-0.57841,-0.71115,0.9155,0.96937,-0.45003,-0.5754,0.60568,-0.77767,-0.53121,0.77478,-0.22958,1.08226,-0.76901,0.22407,-0.67237,0.00988,0.43835,0.6361
2.0,0.04359,-0.59522,0.6809,1.10021,-0.47034,-0.64818,-0.46122,0.71591,-0.84005,0.53663,0.8542,-0.63365,0.63213,-0.77452,0.57941,0.7859,0.70937,-1.09758,-0.64766,-0.79746
2.0,-0.34543,0.0894,-0.37069,-0.14895,-0.06014,0.00952,-0.43599,0.02268,-0.1057,0.45024,0.15065,0.2422,0.30467,-0.44615,0.37925,-1.95411,-0.12994,0.39338,0.23714,-0.07941
0.0,0.66639,0.48772,-0.13622,-0.14177,0.31046,1.34091,-0.04118,-0.36516,0.12341,-0.38055,-0.45839,1.09782,-0.48033,0.39536,-0.26143,-2.01051,-0.33526,1.25786,0.12544,0.48424
2.0,0.44936,-0.08973,0.01957,0.39441,0.70681,-0.08261,-0.15131,0.25382,-0.17429,-0.35071,0.29456,0.15979,0.39047,-0.04194,0.09431,0.50001,0.24772,0.85468,-0.03332,-0.17354
0.0,0.89488,0.77471,-0.60823,-0.88341,0.89545,0.3919,0.22951,-0.63533,0.8906,-0.80515,-0.74116,0.22779,-0.71183,0.71341,-0.77511,-0.23696,-0.68126,0.67292,0.80648,0.75564
0.0,-1.35007,0.98088,0.17348,-1.1331,0.55653,-0.79646,2.15741,-0.64075,0.51547,-1.57545,-0.45634,-0.09882,-0.82274,1.39733,-1.07147,-0.33795,-0.59638,3.23045,0.92618,0.82416
2.0,-0.6459,-0.76299,0.79953,0.68258,-1.03223,0.27968,-1.1366,0.9441,-0.91099,1.26787,0.95264,-0.94765,1.40142,-1.00977,1.30166,-0.78951,0.83298,-0.87439,-0.9741,-1.30882
0.0,-0.71087,0.28412,0.29952,0.08398,0.04692,-0.63181,0.72257,0.0629,-0.02599,-0.35865,0.07966,-0.07765,-0.26293,0.50583,-0.30053,0.19393,0.02817,0.68479,-0.00665,0.00185
0.0,-0.92088,0.56911,-0.47611,-0.91981,0.61434,0.0678,-0.62486,-0.23405,0.40292,0.08842,-0.3935,-0.1404,-0.32822,-0.13613,-0.10741,-1.07028,-0.21176,0.65181,0.28567,0.33449
1.0,-0.10259,-0.55211,0.30014,1.17125,-0.87185,-1.00626,-0.00312,0.5514,-0.54149,0.54254,0.55538,-0.41415,0.22056,-0.29753,0.44974,-0.23438,0.24271,-1.00827,-0.64556,-0.6204
0.0,-0.06602,0.76524,-0.04549,-0.25229,0.65234,0.24162,0.39165,-0.3052,0.23167,-0.57756,-0.59489,0.0515,-0.2722,0.2336,-0.23833,0.59941,-0.14395,-0.97692,0.21926,0.59899
0.0,0.60107,-0.80159,0.26898,0.02643,-0.12276,-0.42256,0.22095,0.50225,-0.36191,0.21722,0.52118,-0.62754,0.79083,0.0175,0.07614,0.59475,0.61061,0.49484,-0.38079,-0.31717
0.0,1.11962,1.52532,-0.98034,-0.91449,1.42483,1.38866,0.85797,-1.12202,0.98259,-1.1472,-0.82359,1.38667,-1.20821,0.63611,-1.34125,-1.2486,-0.91843,1.16307,1.08596,1.36391
1.0,-0.681,-0.18768,0.49381,1.15768,-1.07246,0.08177,0.13226,0.56834,-0.72335,0.74938,0.44357,-0.77575,0.47434,-0.10501,0.51438,0.4967,0.54823,-1.51844,-0.92836,-0.57577
1.0,0.44437,0.23249,-0.24978,1.03636,-0.46093,-0.63392,0.66827,-0.04241,-0.15304,-0.12865,-0.13934,0.40932,-0.26165,0.52056,-0.23421,-0.5537,-0.16603,-1.4085,-0.24065,-0.14348
0.0,-0.47935,0.18797,0.31911,-0.34725,-0.09903,-0.93146,0.29371,-0.12305,0.0557,-0.33404,-0.1481,-0.01172,0.1672,-0.10795,-0.18249,-0.42993,0.03326,0.70214,0.04864,0.13176
0.0,-0.83271,-0.73638,0.58961,0.66676,-0.62099,-0.76655,-0.39438,0.86883,-0.80665,0.62199,0.75036,-0.92315,0.60175,-1.16807,0.79144,0.77334,0.88945,-0.11182,-0.62504,-0.44453
0.0,1.53646,0.4708,0.31492,0.32747,1.3176,0.3938,0.34358,-0.06897,-0.19336,-0.99478,0.03556,0.37002,-0.09911,0.42875,-0.76152,0.23608,0.2064,0.42953,0.06665,0.01466
0.0,0.85894,0.41007,-0.23812,-0.47148,0.02315,0.94173,0.41228,-0.33389,0.57987,-0.80925,-0.43694,-0.04811,-0.59677,0.91893,-0.79398,-0.17046,-0.36724,-0.33232,0.22004,0.3308
0.0,0.36145,0.51071,-0.17017,-0.40932,1.34567,0.65045,0.63297,-0.28939,0.15393,-0.35049,-0.21055,0.65409,-0.39066,0.34007,-0.72968,-0.16948,-0.25254,0.8224,0.53116,0.59561
1.0,0.17891,0.05437,0.06854,0.4934,-0.10018,-0.37865,0.41274,0.05482,-0.26861,-0.1652,-0.11977,0.16094,-0.01802,-0.15136,-0.23465,-0.39954,0.04676,-0.80002,-0.23347,-0.19285
1.0,0.52274,-0.22386,-0.3366,0.14775,-0.42542,-0.16294,-0.04102,-0.00519,-0.04457,0.41404,0.06143,-0.17568,-0.08343,0.1492,0.01875,0.55426,0.07255,-0.48888,-0.12906,-0.063
2.0,0.68957,-0.17202,-1.57499,-1.2379,1.96582,1.97013,-0.07265,-1.01091,1.2075,-0.42901,-1.01951,0.49774,-0.58008,0.54321,-0.64584,-1.56078,-0.99866,1.31194,0.85346,0.6992
0.0,0.38813,1.1843,0.06593,-1.11089,2.73494,0.83693,0.29853,-0.68978,0.69079,-1.57604,-0.44062,0.67824,-1.08578,0.96342,-0.93636,1.15589,-0.47511,2.61757,0.94478,1.18048
0.0,-0.24457,-0.21997,0.00341,-0.50359,0.01804,0.03115,0.0761,0.04977,-0.13949,-0.11562,0.27748,0.08314,0.29779,-0.75373,0.15477,-0.27849,0.16395,0.25107,0.09372,-0.09069
0.0,-1.28757,-0.77841,0.55019,0.07752,-0.62798,-0.01325,-1.05496,0.52895,-0.48586,0.73936,0.65226,-0.34644,0.94635,-0.85634,0.91642,0.5787,0.55523,-1.01089,-0.69016,-0.73651
0.0,0.24507,0.666,0.1082,-0.49489,1.17428,-0.03879,0.31652,-0.20889,0.31071,-0.86871,0.02311,0.26335,-0.14956,0.56375,-0.59331,0.59724,-0.03203,1.3625,0.47857,0.51871
1.0,0.38499,0.55265,-0.874,-0.31941,0.3621,1.32606,-0.19023,-0.67287,0.65668,0.28622,-0.76702,0.68296,-0.24321,0.25235,-0.40354,-0.30608,-0.82154,-0.21753,0.58929,0.57226
2.0,-0.58605,-1.77408,0.77685,0.33438,-0.95033,-0.81856,-0.63379,0.66223,-0.79227,0.84373,0.49178,-0.51543,0.57817,-1.20356,0.84676,-0.56437,0.69085,0.03584,-0.66144,-1.06583
1.0,-1.21255,-2.44931,1.44205,0.45218,-1.90022,-2.24806,-2.37336,1.88774,-1.57656,2.20497,1.49769,-1.88303,1.69981,-1.28784,1.57703,-0.37324,1.68924,-1.37617,-1.87469,-1.50829
0.0,-1.14858,0.03737,0.09469,-0.29185,0.06139,0.06737,-0.3317,-0.00684,0.01917,0.23148,-0.19128,0.13161,0.18187,-0.15661,-0.01335,-0.60348,-0.09849,-0.14625,-0.12365,0.119
1.0,1.82305,2.39299,-2.53221,-2.19757,1.81989,2.55153,1.44563,-2.34039,2.32149,-1.54056,-2.27929,1.7884,-2.25818,1.88477,-2.06442,-2.04974,-2.21132,0.64287,2.43935,2.05563
0.0,-0.7406,0.39576,0.09979,-0.95278,-1.07065,0.74094,-0.05137,0.50174,0.12783,-0.37568,-0.15158,-0.38453,-0.0356,0.00835,0.13626,-1.94638,0.01495,-0.35817,-0.13101,-0.28219
1.0,0.64493,1.01054,-0.84315,-0.55928,0.26149,0.57414,0.34147,-0.87158,0.70204,-0.15417,-0.99854,0.4993,-0.648,-0.02393,-0.35315,-1.72137,-0.88752,0.41901,0.6943,0.71074
1.0,1.02411,0.89975,-1.09215,0.04375,0.61836,0.37434,0.73629,-0.88192,0.88402,-0.81932,-0.94424,0.93635,-0.89082,1.09103,-0.8333,0.24663,-0.85352,-0.25337,0.60302,0.86224
0.0,-0.13823,-0.07565,0.70941,0.07736,0.16318,-0.1544,-0.21902,0.52928,-0.36636,0.17731,0.44148,-0.55624,0.33649,-0.31471,0.43125,1.05953,0.50771,0.80446,-0.37742,-0.24267
0.0,-0.08259,0.51043,0.04587,-0.58108,0.63357,0.30207,-0.07439,-0.30712,0.42732,-0.47421,-0.41483,-0.08444,-0.53602,0.64277,-0.49823,0.39699,-0.41483,1.58839,0.49691,0.38372
1.0,0.99587,0.20077,-0.2416,-0.07913,0.52687,-0.36595,-0.18653,-0.39346,0.3942,-0.09329,-0.38398,0.67083,-0.03704,-0.02483,-0.31378,1.36608,-0.51036,-0.45486,0.14091,0.34984
2.0,1.18014,1.79606,-2.33741,-2.15083,2.54814,2.27056,0.68313,-2.08568,2.22627,-1.49006,-2.32891,2.01982,-2.20579,1.64046,-2.04435,-1.98114,-2.19478,1.62637,2.20619,1.99121
0.0,0.89488,0.77471,-0.60823,-0.88341,0.89545,0.3919,0.22951,-0.63533,0.8906,-0.80515,-0.74116,0.22779,-0.71183,0.71341,-0.77511,-0.23696,-0.68126,0.67292,0.80648,0.75564
0.0,-0.90806,0.22294,0.31185,-0.47355,-0.15328,-0.37301,-0.54193,0.08145,-0.00493,-0.38335,0.03931,-0.67462,0.26233,0.42374,0.17927,1.08805,0.13124,-0.03026,-0.10451,-0.18842
2.0,0.60535,0.59276,-0.88683,-0.28106,0.13972,0.44864,-0.60925,-0.57797,0.64858,-0.40405,-0.4986,0.5196,-0.51886,0.28974,-0.521,1.33958,-0.50707,-0.52431,0.65789,0.51747
0.0,-2.07317,-2.57858,3.52566,2.80142,-3.36289,-1.99218,-1.61896,2.86513,-2.94163,2.50523,3.3441,-2.93518,3.06214,-3.20068,3.16835,2.14117,3.13667,-2.91628,-2.97999,-3.0527
1.0,-1.72188,-1.76107,0.99335,0.71142,-0.86063,-0.97448,-2.00204,1.63761,-1.44128,2.16846,1.86761,-1.32538,1.46483,-2.74305,1.89667,-0.32842,1.71599,-1.48446,-1.61479,-1.8455
0.0,1.35995,1.41489,-0.9313,-1.03751,2.13164,0.51972,1.33073,-1.18626,1.0922,-1.77654,-1.0735,1.56709,-1.2759,1.7229,-1.49043,0.44377,-0.89459,1.72367,1.1962,1.10974
2.0,2.39698,2.7521,-3.53508,-1.94556,2.51094,2.21948,2.2878,-3.00821,3.00191,-2.18102,-2.96528,3.17401,-2.79175,2.71824,-2.62137,-1.74953,-3.26071,1.32855,2.85119,2.88415
1.0,0.19028,-0.66485,-0.05052,0.07816,-0.17045,0.33399,0.56247,0.16899,-0.22883,1.07425,0.15671,-0.26767,0.21905,-0.57121,0.14286,-0.27186,0.01063,-0.21275,-0.20928,-0.35804
1.0,-0.01212,0.22303,0.29718,0.76583,-0.24597,-0.39468,0.4661,0.06697,-0.31589,-0.04089,-0.02666,-0.20087,-0.03371,0.33722,-0.22114,-0.1079,0.01068,-0.72472,-0.18651,-0.32635
0.0,0.00063,0.01714,0.29213,-0.00926,0.13735,0.62549,0.1678,0.1888,-0.27211,0.1378,0.30398,0.16605,-0.01633,-0.60594,-0.07762,-0.11306,0.28333,0.68247,0.01135,-0.22052
0.0,-1.18667,-0.80742,1.11204,0.96821,-0.86074,-0.90252,-1.24652,1.18558,-1.06692,1.33488,0.92255,-1.4777,1.12768,-1.43113,1.09181,0.6081,1.30704,-0.90323,-1.15504,-0.74065
1.0,0.15029,-1.55005,0.93008,0.81331,-0.82709,-0.92257,-1.1971,1.22473,-1.17742,0.87136,1.32433,-1.00671,1.23841,-1.20589,1.28935,1.04551,1.09454,-0.76405,-1.27138,-1.38009
0.0,1.32394,0.53856,-0.35208,-0.3292,0.55815,0.58015,1.7129,-0.36359,0.54928,-0.65556,-0.56919,1.29772,-0.51408,0.26666,-0.52712,-0.23553,-0.56523,0.6142,0.50621,0.5249
0.0,-0.65818,0.51754,0.74379,-0.66992,1.25386,-0.62848,0.62481,-0.07763,0.14885,-0.85188,0.10168,-0.61591,-0.1353,0.60391,-0.31122,0.94502,0.08689,2.29547,0.51157,0.43598
1.0,-1.06129,-0.90294,1.49452,1.74967,-1.43472,-1.75012,-0.57733,1.502,-1.37473,1.11399,1.61483,-1.59411,1.20225,-0.53661,1.30146,1.39297,1.36185,-1.14927,-1.54044,-1.54575
1.0,-0.36142,-1.3287,0.77236,0.9134,-1.27653,0.00017,-0.83471,0.83297,-1.08195,1.73209,0.95207,-0.61848,1.1802,-1.72499,1.37015,-0.56926,0.89052,-0.89724,-0.97346,-0.83712
0.0,-0.96177,-0.48138,0.65982,0.44778,-0.79252,-1.58427,-0.65885,0.87893,-0.81934,0.51265,0.69195,-0.7468,0.71561,-1.1598,0.85059,0.34385,0.9037,-0.72059,-0.818,-0.60193
2.0,0.30888,-0.35153,-0.39795,-0.56674,0.37278,1.09869,-0.47837,-0.1446,0.34589,-0.24647,-0.07833,0.55835,-0.12925,0.74962,-0.34353,-0.59261,-0.25517,0.88144,0.40238,0.00917
0.0,0.4189,1.3836,-0.77807,-0.90565,1.5538,1.45596,1.15471,-1.26675,1.11733,-1.28961,-0.92075,1.44811,-1.27357,0.71578,-1.25654,-0.41534,-0.97296,0.61479,0.98448,1.19169
2.0,1.99512,1.15595,-1.80116,-1.03174,1.08348,2.6427,-0.15169,-1.60396,1.73999,-0.7786,-1.62822,1.97457,-1.7374,1.81584,-1.34604,-1.21007,-1.73777,-0.68657,1.89097,1.37536
2.0,-0.05989,-0.14564,0.13207,0.04254,-0.1169,-0.41981,-0.51608,0.08416,-0.16283,0.80796,0.23356,-0.51265,0.17246,0.13119,0.3796,0.87025,-0.03782,-0.30589,-0.16319,-0.27448
1.0,2.85014,2.19781,-2.68284,-2.43498,2.25496,1.75814,1.11265,-2.55449,2.66106,-1.57214,-2.76875,3.14788,-2.5359,2.06431,-1.89781,-1.50751,-2.65159,0.39187,2.58359,2.32802
0.0,2.2125,1.40497,-1.1619,-0.76739,1.93957,1.03846,0.94503,-1.39117,1.24656,-1.75401,-1.29149,1.43262,-1.28751,1.7183,-1.75917,-0.20552,-1.13416,1.38338,1.31774,1.43438
2.0,0.29853,-0.69204,0.80536,0.97152,-0.59902,-0.43284,-0.56588,0.7745,-0.92024,0.47403,0.68163,-0.38495,0.65932,0.06019,0.59788,0.3013,0.72745,0.27446,-0.6644,-0.77304
1.0,-0.85488,-1.60503,1.06724,1.24616,-1.01516,-0.58118,-1.86665,1.29451,-1.38963,1.84247,1.39959,-1.83985,1.64801,-1.2875,1.9468,0.75773,1.52012,-1.03543,-1.40507,-1.5139
1.0,0.88848,0.84976,-0.33097,0.84446,0.21925,-0.54563,0.92436,-0.29129,0.24437,-0.79629,-0.37489,0.69621,-0.32534,0.4114,-0.35584,0.55929,-0.23048,-0.89583,0.02031,0.19953
1.0,1.85033,0.80219,-0.68856,1.22864,-0.46897,-0.02077,2.25903,-0.64191,0.39092,-0.80109,-0.54249,0.50614,-1.13547,1.33257,-0.8877,0.34848,-0.74481,-1.25165,0.22555,0.46776
0.0,-0.13527,0.79911,0.09403,-0.38967,1.46481,-0.60545,1.00571,-0.3164,0.22109,-1.46892,-0.15198,0.27729,-0.34716,0.01753,-0.60804,-0.48471,-0.08865,1.42433,0.54108,0.419
1.0,-1.78886,-1.52324,1.58678,2.19256,-2.20084,-1.83411,-0.74555,1.68424,-1.69517,1.64648,1.49075,-1.90824,1.56034,-0.9821,1.65777,0.67354,1.50598,-1.86357,-1.88612,-1.6726
1.0,-0.27113,-0.53407,0.39617,1.1679,-1.30812,-0.50228,-0.16756,0.59283,-0.62084,0.5786,0.51035,-0.47737,0.37325,-0.27406,0.67115,0.98631,0.50806,-1.35719,-0.65025,-0.41752
1.0,-1.05912,0.00518,0.17029,-0.18734,-0.19088,-0.00511,-0.78297,0.18036,-0.2332,0.75917,-0.11663,-0.5511,0.08959,-0.22532,0.29387,-1.10927,0.10874,-0.54413,-0.05723,-0.07901
2.0,0.75533,0.71835,-1.10831,-0.59815,0.68022,1.22371,0.27126,-1.08021,1.08514,-0.31385,-0.86124,0.86389,-0.83707,0.41062,-0.63935,-1.03639,-1.05437,-0.00385,0.85243,0.89784
1.0,-1.00472,-1.7646,1.28139,1.27296,-1.53066,-1.09566,-1.4976,1.56837,-1.58007,2.06619,1.4317,-1.61345,1.43175,-1.40268,1.61501,0.15462,1.68287,-0.69455,-1.70795,-1.60535
0.0,-2.45554,0.24872,0.25234,-1.39188,-1.66292,-0.65447,3.00984,-0.42421,0.3614,-1.02723,-0.29658,0.03032,-0.42565,0.04623,-0.65722,-0.45586,-0.43121,2.30002,0.80307,0.55316
1.0,0.10662,-1.98152,1.21068,0.93959,-1.04798,-0.53823,-1.21735,1.45392,-1.71402,1.88042,1.61495,-1.54112,1.47258,-1.84581,1.40209,0.79049,1.60964,-0.4612,-1.68805,-1.88282
1.0,1.47443,0.94514,-0.62935,0.57665,0.16175,0.83362,1.38936,-0.55245,0.48756,-0.65983,-0.77058,0.81292,-0.94791,0.7721,-0.76112,-0.03758,-0.65865,-1.20779,0.4021,0.6049
2.0,0.89608,0.74539,-0.67251,-0.5101,0.77364,1.99779,0.76013,-1.02727,0.92524,-0.84217,-0.99449,0.9089,-0.97373,1.31708,-0.90668,-0.23211,-0.90637,0.54041,1.05301,0.88893
